Ranking,Freq.,Characters
1,489803,的
2,166396,一
3,139814,是
4,120984,在
5,107418,不
6,102557,了
7,99357,有
8,86775,和
9,81106,人
10,77967,這
11,71491,中
12,69713,大
13,68012,為
14,67837,上
15,65256,個
16,64283,國
17,61492,我
18,60842,以
19,57362,要
20,56325,地
21,55710,他
22,55419,時
23,53984,來
24,53349,用
25,51653,們
26,50590,生
27,50519,到
28,46623,作
29,43766,出
30,43623,就
31,43498,分
32,42647,於
33,42008,對
34,41881,成
35,41861,會
36,40754,可
37,38619,主
38,38502,發
39,38389,年
40,38247,動
41,38226,同
42,37987,工
43,37737,也
44,36979,能
45,36591,下
46,36103,過
47,36040,子
48,35855,說
49,35614,產
50,35049,種
51,34915,行
52,33754,而
53,33578,方
54,33337,面
55,33102,後
56,33033,多
57,32368,定
58,31893,學
59,31810,法
60,31158,所
61,30971,民
62,30715,得
63,30014,經
64,29917,十
65,29373,三
66,29331,之
67,29317,進
68,29061,等
69,28458,部
70,28420,度
71,27961,家
72,27905,電
73,27465,力
74,27113,如
75,26774,水
76,26767,化
77,26021,高
78,25933,都
79,25853,自
80,25850,二
81,25814,理
82,25550,起
83,25324,小
84,24967,長
85,24803,物
86,24651,現
87,24404,實
88,24302,加
89,24288,量
90,23980,兩
91,23974,體
92,23742,機
93,23389,還
94,23328,當
95,22997,使
96,22902,點
97,22644,從
98,22580,業
99,22444,本
100,22312,重
101,22195,去
102,22167,把
103,22038,性
104,22037,好
105,21837,應
106,21588,開
107,21467,它
108,21425,合
109,21334,因
110,21295,制
111,21176,由
112,21091,其
113,20931,些
114,20905,然
115,20805,前
116,20779,外
117,20743,天
118,20507,政
119,20420,四
120,20404,日
121,20332,那
122,20293,社
123,20250,義
124,20170,事
125,20070,平
126,20035,形
127,19837,相
128,19790,全
129,19731,��
130,19627,間
131,19551,樣
132,19444,表
133,19433,與
134,19202,關
135,19188,各
136,19114,新
137,19039,線
138,18629,內
139,18339,數
140,18231,正
141,18187,心
142,17989,反
143,17828,你
144,17766,明
145,17592,看
146,17518,原
147,17476,又
148,17457,麼
149,17227,利
150,17210,比
151,17124,或
152,17042,但
153,17018,質
154,16723,氣
155,16595,第
156,16590,向
157,16573,道
158,16381,命
159,16270,此
160,16236,沒
161,16231,變
162,15931,條
163,15812,只
164,15708,結
165,15660,解
166,15535,問
167,15534,意
168,15418,建
169,15345,月
170,15339,公
171,15279,無
172,15119,軍
173,15095,很
174,15039,情
175,14965,者
176,14712,最
177,14689,立
178,14688,代
179,14661,想
180,14565,已
181,14562,通
182,14437,提
183,14240,直
184,14110,題
185,14095,黨
186,14070,程
187,14038,展
188,13902,五
189,13899,果
190,13744,料
191,13709,象
192,13617,員
193,13612,革
194,13535,位
195,13449,入
196,13407,常
197,13401,文
198,13328,總
199,13301,次
200,13263,品
201,13253,式
202,13160,活
203,13075,設
204,13071,及
205,13018,管
206,12997,特
207,12992,件
208,12924,求
209,12882,老
210,12823,頭
211,12619,基
212,12554,資
213,12480,邊
214,12369,流
215,12364,路
216,12311,級
217,12267,少
218,12196,圖
219,12193,山
220,12143,統
221,12115,接
222,12083,知
223,12013,較
224,11972,將
225,11963,組
226,11962,見
227,11920,計
228,11902,別
229,11893,她
230,11757,手
231,11737,角
232,11708,期
233,11698,根
234,11693,論
235,11675,運
236,11623,農
237,11520,指
238,11456,幾
239,11430,九
240,11409,區
241,11329,強
242,11326,放
243,11323,決
244,11322,西
245,11311,被
246,11181,做
247,11131,必
248,11040,戰
249,10988,先
250,10885,則
251,10797,任
252,10737,取
253,10714,據
254,10688,回
255,10647,給
256,10629,調
257,10611,處
258,10590,隊
259,10543,南
260,10477,色
261,10427,光
262,10372,門
263,10355,即
264,10325,保
265,10309,治
266,10282,北
267,10274,造
268,10246,百
269,10109,規
270,10075,熱
271,10071,領
272,10069,七
273,9985,海
274,9913,口
275,9909,東
276,9901,導
277,9863,器
278,9758,壓
279,9747,世
280,9728,金
281,9694,增
282,9649,爭
283,9631,濟
284,9631,階
285,9588,油
286,9583,思
287,9567,術
288,9554,極
289,9513,交
290,9502,受
291,9456,幹
292,9442,聯
293,9387,認
294,9343,六
295,9287,共
296,9231,權
297,9203,收
298,9142,證
299,9117,改
300,9081,清
301,9053,志
302,9051,己
303,9051,美
304,9046,再
305,9015,轉
306,8995,更
307,8945,單
308,8908,風
309,8890,切
310,8864,打
311,8855,白
312,8849,教
313,8847,速
314,8826,花
315,8756,帶
316,8746,安
317,8659,場
318,8622,身
319,8604,車
320,8600,例
321,8590,真
322,8583,務
323,8563,具
324,8551,萬
325,8521,每
326,8462,目
327,8425,至
328,8424,達
329,8419,走
330,8417,積
331,8408,示
332,8405,議
333,8398,聲
334,8349,報
335,8347,鬥
336,8336,完
337,8294,類
338,8286,八
339,8211,離
340,8116,華
341,8107,名
342,8082,確
343,8062,科
344,8053,傳
345,8053,張
346,8047,才
347,8037,信
348,8025,馬
349,8005,節
350,7968,話
351,7939,米
352,7906,採
353,7895,整
354,7886,空
355,7877,元
356,7840,況
357,7814,今
358,7774,集
359,7766,溫
360,7758,土
361,7732,許
362,7702,步
363,7702,群
364,7691,石
365,7673,廣
366,7656,且
367,7653,記
368,7638,需
369,7631,段
370,7621,研
371,7512,界
372,7501,拉
373,7495,林
374,7466,律
375,7431,叫
376,7418,究
377,7415,觀
378,7405,越
379,7367,織
380,7355,裝
381,7348,影
382,7324,算
383,7316,低
384,7278,持
385,7272,音
386,7250,眾
387,7224,系
388,7181,書
389,7130,容
390,7024,兒
391,6989,際
392,6948,商
393,6917,非
394,6915,驗
395,6896,連
396,6894,斷
397,6888,率
398,6870,深
399,6858,難
400,6851,近
401,6807,須
402,6782,礦
403,6761,千
404,6710,省
405,6705,委
406,6693,素
407,6690,技
408,6682,備
409,6674,半
410,6658,辦
411,6658,青
412,6614,列
413,6614,習
414,6601,便
415,6537,響
416,6531,約
417,6507,支
418,6504,般
419,6491,史
420,6482,感
421,6475,勞
422,6464,團
423,6460,往
424,6456,酸
425,6429,稱
426,6372,市
427,6367,克
428,6339,何
429,6317,除
430,6267,消
431,6263,構
432,6261,府
433,6255,甚
434,6228,太
435,6206,精
436,6181,歷
437,6179,值
438,6154,係
439,6152,周
440,6099,什
441,6047,號
442,5961,族
443,5959,維
444,5942,劃
445,5936,選
446,5931,標
447,5928,寫
448,5909,存
449,5888,候
450,5868,親
451,5861,毛
452,5856,快
453,5831,查
454,5817,效
455,5813,斯
456,5808,院
457,5767,江
458,5758,型
459,5752,眼
460,5750,王
461,5748,按
462,5741,格
463,5688,養
464,5678,易
465,5634,置
466,5629,派
467,5616,層
468,5616,片
469,5599,始
470,5594,卻
471,5592,專
472,5592,狀
473,5589,育
474,5582,廠
475,5573,京
476,5572,識
477,5554,適
478,5533,參
479,5530,屬
480,5521,圓
481,5506,包
482,5506,火
483,5483,住
484,5431,滿
485,5404,縣
486,5390,局
487,5387,照
488,5365,準
489,5365,紅
490,5363,輕
491,5341,引
492,5341,細
493,5281,聽
494,5274,該
495,5267,鐵
496,5256,價
497,5249,嚴
498,5213,底
499,5203,首
500,5171,液
501,5166,官
502,5159,德
503,5154,隨
504,5140,病
505,5120,失
506,5119,爾
507,5106,死
508,5095,講
509,5091,呢
510,5088,蘇
511,5084,配
512,5064,女
513,5057,黃
514,5054,推
515,5042,顯
516,5018,談
517,5015,罪
518,5012,神
519,4987,藝
520,4973,席
521,4965,含
522,4956,企
523,4938,望
524,4927,密
525,4904,批
526,4902,營
527,4901,項
528,4877,防
529,4855,舉
530,4797,球
531,4797,英
532,4769,氧
533,4763,勢
534,4752,告
535,4744,李
536,4730,落
537,4717,布
538,4716,木
539,4710,幫
540,4693,輪
541,4688,破
542,4658,亞
543,4654,朝
544,4649,師
545,4629,圍
546,4624,遠
547,4617,字
548,4611,材
549,4606,注
550,4604,排
551,4600,供
552,4596,河
553,4581,態
554,4576,封
555,4568,另
556,4563,復
557,4561,施
558,4553,減
559,4552,樹
560,4551,溶
561,4550,怎
562,4550,止
563,4540,案
564,4535,台
565,4535,言
566,4531,士
567,4508,均
568,4499,武
569,4492,固
570,4477,葉
571,4475,魚
572,4467,波
573,4464,視
574,4462,僅
575,4462,差
576,4441,費
577,4439,降
578,4436,緊
579,4429,愛
580,4399,左
581,4392,章
582,4390,早
583,4375,害
584,4366,續
585,4352,服
586,4337,食
587,4335,試
588,4325,充
589,4307,兵
590,4304,源
591,4300,判
592,4274,似
593,4262,司
594,4262,護
595,4237,足
596,4235,某
597,4226,練
598,4204,略
599,4193,田
600,4158,黑
601,4155,犯
602,4148,負
603,4116,擊
604,4079,繼
605,4065,興
606,4043,堅
607,4040,輸
608,4024,曲
609,4018,修
610,4010,故
611,3976,城
612,3972,覺
613,3953,夫
614,3943,夠
615,3938,送
616,3931,笑
617,3920,船
618,3914,右
619,3885,財
620,3884,吃
621,3882,富
622,3878,春
623,3851,職
624,3842,漢
625,3833,畫
626,3831,功
627,3829,巴
628,3822,裡
629,3796,跟
630,3795,雖
631,3779,雜
632,3775,板
633,3764,飛
634,3756,佔
635,3744,曾
636,3725,樂
637,3725,致
638,3721,檢
639,3717,吸
640,3717,里
641,3695,助
642,3689,陽
643,3685,互
644,3679,初
645,3676,創
646,3665,抗
647,3657,考
648,3656,投
649,3653,壞
650,3652,策
651,3647,古
652,3640,徑
653,3635,換
654,3635,未
655,3619,跑
656,3615,留
657,3607,鋼
658,3584,端
659,3584,責
660,3581,站
661,3570,簡
662,3564,升
663,3561,述
664,3553,錢
665,3550,副
666,3548,盡
667,3547,帝
668,3544,射
669,3539,草
670,3530,範
671,3527,承
672,3523,獨
673,3521,令
674,3518,限
675,3503,阿
676,3467,宣
677,3464,環
678,3464,雙
679,3461,請
680,3406,超
681,3391,微
682,3382,讓
683,3373,控
684,3362,州
685,3326,良
686,3268,軸
687,3266,找
688,3259,否
689,3255,紀
690,3247,益
691,3242,依
692,3234,優
693,3231,頂
694,3228,礎
695,3227,載
696,3223,倒
697,3220,房
698,3220,突
699,3216,坐
700,3213,粉
701,3210,敵
702,3198,客
703,3197,袁
704,3192,冷
705,3178,勝
706,3176,絕
707,3173,析
708,3167,塊
709,3166,劑
710,3164,測
711,3160,絲
712,3145,協
713,3136,訴
714,3130,陳
715,3129,仍
716,3114,羅
717,3110,餘
718,3092,鹽
719,3088,友
720,3075,洋
721,3067,錯
722,3062,苦
723,3060,夜
724,3055,刑
725,3041,移
726,3036,模
727,3035,頻
728,3023,念
729,3020,逐
730,3014,靠
731,3011,混
732,3004,母
733,2980,短
734,2979,皮
735,2977,終
736,2964,聚
737,2960,汽
738,2941,村
739,2935,哪
740,2926,既
741,2913,衛
742,2913,距
743,2912,校
744,2894,停
745,2893,烈
746,2886,央
747,2883,察
748,2882,燒
749,2869,迅
750,2861,境
751,2860,若
752,2853,印
753,2850,洲
754,2848,刻
755,2842,括
756,2815,激
757,2814,孔
758,2804,搞
759,2793,室
760,2789,待
761,2787,核
762,2780,散
763,2777,侵
764,2768,吧
765,2763,甲
766,2747,久
767,2744,菜
768,2743,味
769,2742,舊
770,2741,湖
771,2735,貨
772,2725,彈
773,2724,損
774,2723,預
775,2711,阻
776,2701,毫
777,2700,乙
778,2700,普
779,2700,穩
780,2697,媽
781,2697,植
782,2687,息
783,2683,擴
784,2680,銀
785,2679,語
786,2677,揮
787,2677,酒
788,2677,雲
789,2674,守
790,2668,拿
791,2666,序
792,2657,紙
793,2652,醫
794,2650,熟
795,2648,缺
796,2644,雨
797,2637,嗎
798,2636,針
799,2631,劉
800,2625,啊
801,2621,急
802,2615,唱
803,2607,訓
804,2607,誤
805,2594,願
806,2578,審
807,2573,血
808,2573,附
809,2571,茶
810,2571,鮮
811,2570,糧
812,2569,斤
813,2563,孩
814,2560,脫
815,2550,硫
816,2546,善
817,2546,肥
818,2542,演
819,2542,龍
820,2529,父
821,2514,漸
822,2505,歡
823,2500,掌
824,2500,械
825,2496,歌
826,2494,沙
827,2492,獲
828,2486,著
829,2480,剛
830,2479,製
831,2474,攻
832,2472,謂
833,2471,盾
834,2471,討
835,2451,晚
836,2449,佈
837,2445,粒
838,2443,亂
839,2441,燃
840,2426,矛
841,2419,乎
842,2417,殺
843,2417,複
844,2407,藥
845,2404,寧
846,2392,魯
847,2388,貴
848,2384,煤
849,2380,伯
850,2378,讀
851,2375,班
852,2365,句
853,2363,香
854,2360,迫
855,2359,介
856,2346,豐
857,2345,培
858,2343,握
859,2340,蘭
860,2339,弦
861,2339,擔
862,2338,蛋
863,2331,沉
864,2329,假
865,2328,執
866,2328,穿
867,2326,答
868,2325,誰
869,2320,順
870,2314,煙
871,2310,縮
872,2306,臉
873,2305,喜
874,2283,腳
875,2278,異
876,2277,免
877,2271,困
878,2270,背
879,2266,星
880,2264,福
881,2261,買
882,2258,染
883,2250,井
884,2247,概
885,2246,慢
886,2243,怕
887,2243,游
888,2242,磁
889,2240,倍
890,2239,祖
891,2211,皇
892,2207,薄
893,2204,促
894,2203,靜
895,2202,補
896,2197,評
897,2196,鐘
898,2195,翻
899,2195,肉
900,2188,踐
901,2184,尼
902,2179,衣
903,2175,寬
904,2175,揚
905,2173,棉
906,2171,希
907,2168,傷
908,2165,操
909,2155,藏
910,2152,垂
911,2152,宜
912,2152,秋
913,2151,氫
914,2149,露
915,2146,套
916,2136,督
917,2136,筆
918,2130,振
919,2124,亮
920,2124,憲
921,2124,末
922,2124,架
923,2121,慶
924,2117,綠
925,2116,編
926,2111,牛
927,2105,映
928,2105,觸
929,2097,銷
930,2097,雷
931,2093,座
932,2093,詩
933,2091,居
934,2090,抓
935,2088,裂
936,2087,胞
937,2078,呼
938,2075,娘
939,2074,景
940,2070,盟
941,2068,威
942,2065,晶
943,2063,厚
944,2057,衡
945,2056,孫
946,2056,延
947,2056,雞
948,2052,危
949,2051,膠
950,2050,屋
951,2049,鄉
952,2044,沖
953,2037,臨
954,2036,陸
955,2031,顧
956,2027,掉
957,2017,呀
958,2004,奇
959,2003,燈
960,2000,歲
961,1998,措
962,1997,束
963,1994,耐
964,1991,劇
965,1990,玉
966,1986,趙
967,1985,跳
968,1984,哥
969,1982,季
970,1982,課
971,1981,凱
972,1978,額
973,1978,齊
974,1974,款
975,1972,紹
976,1960,偉
977,1960,蒸
978,1949,永
979,1946,殖
980,1944,宗
981,1943,苗
982,1941,川
983,1940,爐
984,1925,弱
985,1923,楊
986,1923,零
987,1922,奏
988,1917,沿
989,1914,岩
990,1911,探
991,1910,滑
992,1908,鎮
993,1896,飯
994,1893,濃
995,1892,航
996,1886,懷
997,1880,趕
998,1879,庫
999,1876,奪
1000,1866,伊
1001,1853,稅
1002,1853,靈
1003,1847,途
1004,1845,滅
1005,1845,賽
1006,1840,召
1007,1840,歸
1008,1838,鼓
1009,1837,播
1010,1834,盤
1011,1830,裁
1012,1828,險
1013,1825,康
1014,1819,唯
1015,1816,錄
1016,1813,菌
1017,1810,純
1018,1807,蓋
1019,1803,橫
1020,1803,繫
1021,1801,私
1022,1801,符
1023,1799,努
1024,1793,堂
1025,1791,域
1026,1789,糖
1027,1788,槍
1028,1787,潤
1029,1783,幅
1030,1781,哈
1031,1779,竟
1032,1765,澤
1033,1764,腦
1034,1763,壤
1035,1759,碳
1036,1758,歐
1037,1757,側
1038,1757,遍
1039,1756,寨
1040,1750,干
1041,1750,敢
1042,1747,徹
1043,1745,惡
1044,1745,慮
1045,1740,斜
1046,1738,庭
1047,1736,納
1048,1727,于
1049,1725,塞
1050,1722,折
1051,1722,飼
1052,1720,伸
1053,1716,濕
1054,1716,麥
1055,1714,荷
1056,1706,暗
1057,1705,瓦
1058,1691,床
1059,1690,卡
1060,1690,築
1061,1688,戶
1062,1687,塔
1063,1687,訪
1064,1686,透
1065,1680,刀
1066,1679,旋
1067,1676,借
1068,1676,氯
1069,1676,遇
1070,1673,份
1071,1668,毒
1072,1667,泥
1073,1666,退
1074,1663,洗
1075,1663,蟲
1076,1660,擺
1077,1656,灰
1078,1649,彩
1079,1649,賣
1080,1648,圈
1081,1648,耗
1082,1645,夏
1083,1634,擇
1084,1632,忙
1085,1632,獻
1086,1632,銅
1087,1631,硬
1088,1618,予
1089,1617,削
1090,1617,卷
1091,1617,繁
1092,1611,雪
1093,1605,亦
1094,1605,函
1095,1604,抽
1096,1596,篇
1097,1593,陣
1098,1591,陰
1099,1586,丁
1100,1585,尺
1101,1585,追
1102,1580,堆
1103,1578,盛
1104,1578,雄
1105,1576,迎
1106,1575,泛
1107,1571,樓
1108,1571,爸
1109,1565,避
1110,1560,謀
1111,1558,噸
1112,1556,野
1113,1553,豬
1114,1549,旗
1115,1548,偏
1116,1544,典
1117,1541,館
1118,1539,索
1119,1537,秦
1120,1535,脂
1121,1533,潮
1122,1533,爺
1123,1523,忽
1124,1520,塑
1125,1520,遺
1126,1518,松
1127,1518,累
1128,1517,愈
1129,1517,朱
1130,1516,替
1131,1508,纖
1132,1508,豆
1133,1507,傾
1134,1507,粗
1135,1499,尚
1136,1499,痛
1137,1497,楚
1138,1497,驚
1139,1496,壁
1140,1495,衝
1141,1493,謝
1142,1492,奮
1143,1491,購
1144,1489,磨
1145,1486,君
1146,1484,池
1147,1483,旁
1148,1482,碎
1149,1476,骨
1150,1469,徵
1151,1466,監
1152,1461,捕
1153,1460,弟
1154,1460,胡
1155,1458,暴
1156,1452,割
1157,1451,殊
1158,1451,貫
1159,1450,釋
1160,1449,托
1161,1449,詞
1162,1448,頓
1163,1446,寶
1164,1443,午
1165,1441,塵
1166,1440,聞
1167,1438,揭
1168,1438,炮
1169,1434,殘
1170,1431,橋
1171,1428,婦
1172,1428,綜
1173,1428,警
1174,1426,招
1175,1423,吳
1176,1422,付
1177,1420,浮
1178,1418,遭
1179,1417,徐
1180,1414,冬
1181,1414,您
1182,1413,搖
1183,1412,谷
1184,1405,箱
1185,1404,隔
1186,1403,訂
1187,1402,男
1188,1400,吹
1189,1394,園
1190,1393,柱
1191,1389,唐
1192,1389,紛
1193,1382,敗
1194,1378,嘴
1195,1376,宋
1196,1371,玻
1197,1368,巨
1198,1366,耕
1199,1362,坦
1200,1361,榮
1201,1359,灣
1202,1359,閉
1203,1357,鍵
1204,1353,剝
1205,1351,凡
1206,1350,並
1207,1349,駐
1208,1346,救
1209,1346,鍋
1210,1342,恩
1211,1339,凝
1212,1337,堿
1213,1336,齒
1214,1333,截
1215,1328,跡
1216,1328,麻
1217,1327,禁
1218,1327,紡
1219,1324,廢
1220,1318,版
1221,1315,緩
1222,1313,淨
1223,1307,睛
1224,1306,昌
1225,1305,婚
1226,1301,涉
1227,1301,筒
1228,1294,插
1229,1289,岸
1230,1289,朗
1231,1281,莊
1232,1280,街
1233,1276,姑
1234,1273,貿
1235,1270,奴
1236,1270,煉
1237,1270,腐
1238,1269,啦
1239,1267,慣
1240,1265,乘
1241,1262,恢
1242,1261,勻
1243,1254,梁
1244,1252,紗
1245,1242,辯
1246,1240,耳
1247,1237,彪
1248,1236,抵
1249,1236,臣
1250,1234,億
1251,1234,脈
1252,1230,璃
1253,1229,秀
1254,1228,薩
1255,1227,俄
1256,1225,網
1257,1225,舞
1258,1223,店
1259,1222,噴
1260,1222,縱
1261,1221,寸
1262,1221,童
1263,1220,汗
1264,1217,洪
1265,1213,賀
1266,1213,閃
1267,1212,掛
1268,1211,柬
1269,1210,爆
1270,1207,烯
1271,1203,勒
1272,1202,津
1273,1202,軋
1274,1200,稻
1275,1199,軟
1276,1197,勇
1277,1194,像
1278,1194,杆
1279,1193,厘
1280,1193,滾
1281,1193,蒙
1282,1192,芳
1283,1191,肯
1284,1190,坡
1285,1183,腿
1286,1181,儀
1287,1180,旅
1288,1177,尾
1289,1175,伙
1290,1172,蕩
1291,1170,冰
1292,1168,貢
1293,1167,登
1294,1167,黎
1295,1164,鑽
1296,1163,秘
1297,1160,逃
1298,1160,障
1299,1156,氨
1300,1152,湯
1301,1151,郭
1302,1149,亡
1303,1148,峰
1304,1147,幣
1305,1147,港
1306,1146,伏
1307,1145,夢
1308,1145,畝
1309,1145,軌
1310,1144,畢
1311,1143,擦
1312,1143,莫
1313,1142,刺
1314,1142,浪
1315,1141,援
1316,1140,株
1317,1139,健
1318,1134,售
1319,1133,股
1320,1129,采
1321,1127,島
1322,1127,泡
1323,1127,甘
1324,1127,睡
1325,1123,鑄
1326,1117,休
1327,1117,閥
1328,1112,牧
1329,1110,繞
1330,1108,哲
1331,1108,炸
1332,1106,磷
1333,1104,朋
1334,1104,績
1335,1103,淡
1336,1101,啟
1337,1101,尖
1338,1101,陷
1339,1100,柴
1340,1099,呈
1341,1096,徒
1342,1094,顏
1343,1087,淚
1344,1087,稍
1345,1080,忘
1346,1079,扎
1347,1079,泵
1348,1079,藍
1349,1078,拖
1350,1076,洞
1351,1074,弄
1352,1074,授
1353,1073,鏡
1354,1067,埔
1355,1066,壯
1356,1066,辛
1357,1064,鋒
1358,1060,虛
1359,1060,貧
1360,1054,佛
1361,1052,彎
1362,1051,摩
1363,1051,泰
1364,1050,匯
1365,1049,幼
1366,1045,尊
1367,1045,廷
1368,1038,窗
1369,1038,綱
1370,1035,氏
1371,1035,隸
1372,1034,疑
1373,1028,宮
1374,1027,姐
1375,1027,震
1376,1026,瑞
1377,1025,怪
1378,1023,尤
1379,1022,夾
1380,1022,循
1381,1022,琴
1382,1021,描
1383,1020,膜
1384,1019,違
1385,1018,珠
1386,1018,緣
1387,1018,腰
1388,1015,枝
1389,1015,森
1390,1015,窮
1391,1015,竹
1392,1013,溝
1393,1012,催
1394,1011,憶
1395,1011,繩
1396,1008,邦
1397,1006,剩
1398,1005,欄
1399,1005,漿
1400,1001,擁
1401,999,牙
1402,999,貯
1403,998,禮
1404,997,濾
1405,997,鈉
1406,991,紋
1407,989,咱
1408,986,拍
1409,986,罷
1410,980,幸
1411,976,喊
1412,976,袖
1413,975,埃
1414,973,勤
1415,972,焦
1416,972,罰
1417,971,伍
1418,971,潛
1419,970,墨
1420,966,縫
1421,961,姓
1422,960,刊
1423,959,畜
1424,959,飽
1425,956,獎
1426,956,鋁
1427,955,余
1428,954,鬼
1429,953,麗
1430,952,挖
1431,952,跨
1432,952,默
1433,950,鏈
1434,949,仿
1435,947,掃
1436,946,喝
1437,941,袋
1438,939,殼
1439,939,炭
1440,937,幕
1441,937,諸
1442,935,弧
1443,933,污
1444,928,勵
1445,922,梅
1446,920,奶
1447,919,潔
1448,919,災
1449,919,舟
1450,918,鑒
1451,917,苯
1452,917,訟
1453,916,抱
1454,916,毀
1455,913,懂
1456,909,寒
1457,907,智
1458,904,寄
1459,903,屆
1460,903,躍
1461,902,挑
1462,902,渡
1463,900,丹
1464,900,艱
1465,897,貝
1466,896,拔
1467,896,爹
1468,894,戴
1469,889,碼
1470,888,芽
1471,883,碰
1472,883,赤
1473,882,漁
1474,880,哭
1475,880,鉛
1476,879,敬
1477,878,顆
1478,877,奔
1479,875,欲
1480,871,仲
1481,871,柯
1482,870,稀
1483,870,虎
1484,868,妹
1485,867,乏
1486,866,珍
1487,865,桌
1488,865,申
1489,865,遵
1490,864,允
1491,863,螺
1492,863,隆
1493,860,倉
1494,860,魏
1495,857,曉
1496,857,銳
1497,856,征
1498,853,兼
1499,853,氮
1500,853,隱
1501,852,牆
1502,852,礙
1503,852,赫
1504,851,忠
1505,851,撥
1506,850,准
1507,850,肅
1508,849,缸
1509,848,搶
1510,848,牽
1511,846,博
1512,846,巧
1513,844,兄
1514,843,杜
1515,843,訊
1516,842,誠
1517,841,碧
1518,841,祥
1519,839,頁
1520,838,巡
1521,837,矩
1522,835,尋
1523,835,悲
1524,835,灌
1525,835,齡
1526,834,倫
1527,834,票
1528,830,桂
1529,830,聖
1530,829,恰
1531,829,恐
1532,827,鄭
1533,825,趣
1534,824,抬
1535,822,荒
1536,822,貼
1537,822,騰
1538,821,柔
1539,819,滴
1540,818,呵
1541,818,猛
1542,815,輛
1543,815,闊
1544,809,勁
1545,807,妻
1546,806,填
1547,804,撤
1548,803,儲
1549,800,舍
1550,799,淺
1551,798,鬧
1552,796,擾
1553,796,紫
1554,796,讚
1555,795,砂
1556,794,戲
1557,794,遞
1558,793,吊
1559,793,陶
1560,792,伐
1561,789,療
1562,788,瓶
1563,787,婆
1564,787,臂
1565,785,撫
1566,784,摸
1567,783,忍
1568,783,蝦
1569,780,胸
1570,780,鄰
1571,779,偶
1572,779,擠
1573,779,棄
1574,779,鞏
1575,777,鋪
1576,776,乳
1577,776,槽
1578,776,鬆
1579,775,仁
1580,775,吉
1581,775,鄧
1582,774,熔
1583,774,爛
1584,774,磚
1585,773,租
1586,772,簽
1587,770,烏
1588,769,艦
1589,767,伴
1590,767,瓜
1591,765,丙
1592,762,暫
1593,762,燥
1594,761,譜
1595,760,橡
1596,756,暖
1597,756,柳
1598,756,牌
1599,756,秧
1600,756,縴
1601,756,迷
1602,755,膽
1603,755,詳
1604,753,簧
1605,753,踏
1606,751,呆
1607,750,瓷
1608,743,賓
1609,740,洛
1610,740,糊
1611,736,憤
1612,736,競
1613,733,隙
1614,732,怒
1615,731,粘
1616,730,乃
1617,730,緒
1618,729,肩
1619,727,籍
1620,727,輝
1621,725,敏
1622,722,熙
1623,721,皆
1624,717,桿
1625,716,偵
1626,714,懸
1627,712,掘
1628,711,享
1629,710,糾
1630,709,醒
1631,708,狂
1632,708,鎖
1633,707,恨
1634,707,牲
1635,705,霸
1636,704,誌
1637,700,爬
1638,699,賞
1639,698,玩
1640,698,逆
1641,696,陵
1642,694,祝
1643,693,浙
1644,693,秒
1645,692,貌
1646,691,役
1647,690,彼
1648,689,悉
1649,687,冒
1650,687,鴨
1651,686,蠟
1652,685,趨
1653,684,塗
1654,684,鳳
1655,683,晨
1656,680,輩
1657,679,秩
1658,678,卵
1659,678,署
1660,675,梯
1661,675,炎
1662,674,灘
1663,673,篩
1664,673,驅
1665,672,峽
1666,670,啥
1667,670,壽
1668,670,譯
1669,667,浸
1670,665,泉
1671,664,帽
1672,663,硅
1673,663,遲
1674,662,疆
1675,661,棋
1676,661,貸
1677,660,漏
1678,659,冠
1679,659,嫩
1680,659,稿
1681,659,脅
1682,659,芯
1683,657,牢
1684,656,叛
1685,656,蝕
1686,655,奧
1687,654,鳴
1688,652,嶺
1689,652,羊
1690,647,憑
1691,646,串
1692,646,塘
1693,645,繪
1694,645,融
1695,645,酵
1696,643,盆
1697,643,錫
1698,641,廟
1699,640,凍
1700,640,攝
1701,640,籌
1702,640,輔
1703,639,襲
1704,637,拒
1705,637,筋
1706,634,僚
1707,627,旱
1708,627,鉀
1709,626,漆
1710,626,鳥
1711,624,眉
1712,623,添
1713,623,疏
1714,622,棒
1715,621,穗
1716,618,埋
1717,618,硝
1718,617,韓
1719,616,僑
1720,616,扭
1721,616,逼
1722,614,挺
1723,614,涼
1724,613,栽
1725,613,碗
1726,612,炒
1727,611,杯
1728,610,勸
1729,610,患
1730,610,贊
1731,610,餾
1732,609,豪
1733,609,遼
1734,608,勃
1735,607,鴻
1736,606,吏
1737,606,旦
1738,605,拜
1739,605,狗
1740,602,輥
1741,601,掩
1742,601,飲
1743,600,搬
1744,598,罵
1745,596,勾
1746,596,辭
1747,595,扣
1748,594,丈
1749,594,估
1750,594,絨
1751,594,蔣
1752,594,霧
1753,593,麵
1754,592,姆
1755,592,擬
1756,592,朵
1757,590,宇
1758,589,輯
1759,588,陝
1760,587,番
1761,587,雕
1762,586,償
1763,586,蓄
1764,583,剪
1765,583,崇
1766,581,倡
1767,581,咬
1768,581,廳
1769,579,薯
1770,579,駛
1771,578,刷
1772,576,斥
1773,576,賦
1774,575,奉
1775,574,扇
1776,574,曼
1777,574,沈
1778,574,漫
1779,574,澆
1780,573,鈣
1781,572,桃
1782,569,仔
1783,569,扶
1784,568,俗
1785,568,返
1786,567,虧
1787,565,腔
1788,565,鞋
1789,563,叔
1790,563,悄
1791,563,撞
1792,563,框
1793,563,覆
1794,562,週
1795,562,騙
1796,561,勘
1797,560,旺
1798,558,沸
1799,556,孤
1800,555,黏
1801,554,吐
1802,551,孟
1803,551,屈
1804,551,渠
1805,550,仰
1806,550,妙
1807,550,惜
1808,550,疾
1809,550,辟
1810,549,狠
1811,548,脹
1812,546,諧
1813,544,拋
1814,543,喂
1815,543,霉
1816,542,桑
1817,541,哩
1818,541,衰
1819,540,嘛
1820,540,崗
1821,539,棱
1822,539,滲
1823,539,盜
1824,538,髒
1825,537,賴
1826,535,甜
1827,534,曹
1828,533,閱
1829,532,厲
1830,532,肌
1831,530,烴
1832,528,巷
1833,528,毅
1834,528,緯
1835,527,昨
1836,526,偽
1837,525,煮
1838,525,症
1839,524,搭
1840,523,釘
1841,521,莖
1842,520,籠
1843,519,嘆
1844,519,綸
1845,519,酷
1846,519,鬍
1847,518,偷
1848,516,弓
1849,516,錐
1850,514,��
1851,513,遊
1852,512,坑
1853,511,鼻
1854,510,敘
1855,510,獄
1856,510,翼
1857,509,絡
1858,509,逮
1859,508,湧
1860,507,罐
1861,506,抑
1862,506,棚
1863,506,膨
1864,505,寺
1865,505,砌
1866,505,蔬
1867,505,驟
1868,504,穆
1869,501,冶
1870,500,枯
1871,497,凸
1872,496,紳
1873,495,坯
1874,495,焰
1875,495,犧
1876,493,冊
1877,493,轟
1878,492,緻
1879,491,晉
1880,490,瘦
1881,489,喪
1882,489,壟
1883,489,錠
1884,489,錦
1885,488,旬
1886,487,鍛
1887,480,邀
1888,479,欣
1889,478,亭
1890,478,酯
1891,477,舒
1892,477,邁
1893,476,憂
1894,476,脆
1895,476,閒
1896,475,撲
1897,475,漲
1898,475,羽
1899,475,酚
1900,475,頑
1901,474,卸
1902,472,拌
1903,471,仗
1904,470,陪
1905,468,姚
1906,468,懲
1907,468,杭
1908,467,捉
1909,467,肚
1910,466,飄
1911,464,漂
1912,463,搜
1913,462,吾
1914,462,昆
1915,462,欺
1916,461,郎
1917,460,汁
1918,460,烷
1919,456,蕭
1920,456,郵
1921,456,雅
1922,456,飾
1923,454,屍
1924,454,燕
1925,454,遷
1926,453,姻
1927,453,撒
1928,452,赴
1929,451,宴
1930,450,債
1931,450,帳
1932,450,煩
1933,449,斑
1934,449,旨
1935,449,鈴
1936,448,醇
1937,447,董
1938,446,姿
1939,446,雛
1940,446,餅
1941,445,傅
1942,443,妥
1943,443,腹
1944,442,拆
1945,442,捅
1946,442,揉
1947,442,澱
1948,442,賢
1949,441,歪
1950,440,葡
1951,438,丟
1952,438,徽
1953,438,浩
1954,438,胺
1955,437,墊
1956,437,昂
1957,436,擋
1958,435,覽
1959,434,貪
1960,433,慰
1961,433,抹
1962,432,繳
1963,431,馮
1964,430,樑
1965,429,汪
1966,428,慌
1967,427,諾
1968,426,姜
1969,426,誼
1970,426,闆
1971,424,劣
1972,424,耀
1973,424,誣
1974,423,攪
1975,423,昏
1976,423,盈
1977,423,躺
1978,421,喬
1979,421,溪
1980,421,騎
1981,420,叢
1982,420,盧
1983,420,譽
1984,419,咨
1985,419,悶
1986,417,屏
1987,417,駕
1988,415,倆
1989,414,悟
1990,414,纜
1991,413,摘
1992,412,擲
1993,412,餌
1994,411,堡
1995,411,頗
1996,410,幻
1997,409,惠
1998,409,柄
1999,408,佳
2000,408,慘
2001,407,仇
2002,405,御
2003,405,窩
2004,405,臘
2005,404,宿
2006,403,劍
2007,403,滌
2008,403,瞧
2009,402,潑
2010,401,罩
2011,401,蔥
2012,400,撈
2013,400,泊
2014,400,霍
2015,399,胎
2016,398,蒼
2017,397,湘
2018,397,濱
2019,396,砍
2020,396,霞
2021,395,邵
2022,395,酬
2023,394,萄
2024,393,淮
2025,393,熊
2026,393,瘋
2027,393,遂
2028,392,烘
2029,392,糞
2030,391,戈
2031,391,檔
2032,390,嫂
2033,390,裕
2034,390,駁
2035,389,徙
2036,388,嚇
2037,388,捐
2038,388,箭
2039,387,撐
2040,387,腸
2041,386,攤
2042,386,殿
2043,386,蓮
2044,386,辨
2045,384,醬
2046,383,疫
2047,382,哀
2048,382,堵
2049,382,蔡
2050,381,沫
2051,381,皺
2052,380,暢
2053,380,疊
2054,380,萊
2055,380,閣
2056,378,敲
2057,378,轄
2058,377,痕
2059,377,鉤
2060,376,壩
2061,376,溜
2062,375,丘
2063,375,玄
2064,375,禍
2065,375,餓
2066,374,曰
2067,373,彭
2068,373,邏
2069,370,卿
2070,369,吞
2071,369,妨
2072,369,艇
2073,369,韋
2074,368,怨
2075,368,柏
2076,366,歇
2077,366,矮
2078,365,捻
2079,365,祿
2080,365,郊
2081,364,漠
2082,363,冤
2083,363,宏
2084,363,粹
2085,363,顛
2086,362,仙
2087,362,肪
2088,361,刮
2089,361,押
2090,360,挨
2091,359,娃
2092,359,醛
2093,358,拾
2094,357,勿
2095,356,侯
2096,356,吪
2097,355,夕
2098,355,戀
2099,355,鋅
2100,354,篡
2101,353,兆
2102,353,淋
2103,353,蓬
2104,353,豈
2105,353,釉
2106,352,妄
2107,352,拘
2108,352,捲
2109,352,魂
2110,350,摧
2111,350,氟
2112,350,頌
2113,349,渾
2114,349,誘
2115,349,蹟
2116,349,鈾
2117,348,犁
2118,348,譴
2119,347,嘉
2120,347,��
2121,347,戚
2122,347,扯
2123,347,滋
2124,347,猶
2125,347,舶
2126,347,萌
2127,347,頒
2128,346,焊
2129,346,舌
2130,345,匹
2131,345,嘗
2132,345,媳
2133,344,肺
2134,343,掠
2135,342,烹
2136,342,疲
2137,342,釀
2138,341,窄
2139,341,馳
2140,341,鴉
2141,340,狹
2142,340,辱
2143,339,契
2144,339,敦
2145,339,遣
2146,338,菲
2147,338,韌
2148,337,拳
2149,337,辣
2150,336,稈
2151,336,臥
2152,336,醉
2153,335,墓
2154,335,矣
2155,335,竭
2156,335,茅
2157,334,艷
2158,333,輿
2159,332,締
2160,332,賬
2161,331,尿
2162,331,葬
2163,330,履
2164,330,渣
2165,330,禽
2166,329,襯
2167,329,賠
2168,329,躲
2169,328,奸
2170,327,溉
2171,327,稼
2172,327,賊
2173,325,妃
2174,325,抖
2175,325,醋
2176,324,廉
2177,324,掀
2178,324,晴
2179,324,褲
2180,323,后
2181,323,茫
2182,322,亥
2183,322,悠
2184,322,攔
2185,321,慧
2186,321,闡
2187,320,佐
2188,317,孝
2189,317,豎
2190,316,佩
2191,316,繡
2192,316,遙
2193,316,麟
2194,315,挽
2195,315,捨
2196,315,逝
2197,314,愁
2198,314,昭
2199,314,肖
2200,313,窯
2201,313,臭
2202,313,芬
2203,313,逢
2204,311,捷
2205,310,堤
2206,310,宙
2207,310,盲
2208,310,閘
2209,308,披
2210,308,輻
2211,308,鑿
2212,307,凶
2213,307,幽
2214,307,拓
2215,307,杠
2216,307,狼
2217,306,崩
2218,306,慎
2219,306,綢
2220,306,蜂
2221,305,惟
2222,305,誓
2223,305,錶
2224,305,餐
2225,304,叉
2226,304,址
2227,304,幟
2228,304,彌
2229,304,芝
2230,302,僕
2231,302,唉
2232,302,濤
2233,301,慨
2234,300,翠
2235,300,饑
2236,299,劫
2237,299,卜
2238,299,盒
2239,298,倘
2240,298,寂
2241,298,椒
2242,298,炳
2243,298,畏
2244,298,閤
2245,298,頸
2246,297,凌
2247,297,喉
2248,297,墾
2249,297,巾
2250,297,拚
2251,297,獸
2252,296,乾
2253,296,爽
2254,296,蔽
2255,296,蘆
2256,295,掙
2257,295,竊
2258,295,譚
2259,294,謬
2260,293,褐
2261,292,傘
2262,292,儒
2263,292,翅
2264,292,顫
2265,291,剖
2266,291,晃
2267,291,胚
2268,290,湊
2269,290,濁
2270,290,眠
2271,289,杰
2272,289,霜
2273,288,礁
2274,288,蔑
2275,287,喀
2276,287,抄
2277,286,奈
2278,286,闖
2279,285,碑
2280,285,耶
2281,285,蓉
2282,283,刨
2283,283,喚
2284,283,壺
2285,283,柵
2286,283,猜
2287,283,蹲
2288,282,掏
2289,282,梳
2290,282,樸
2291,282,澳
2292,282,玲
2293,282,紐
2294,282,綿
2295,282,郡
2296,282,鋸
2297,281,膀
2298,281,錘
2299,281,鼠
2300,280,椅
2301,280,殷
2302,280,穴
2303,280,遮
2304,278,吵
2305,278,萍
2306,277,厭
2307,276,俱
2308,276,呂
2309,276,囊
2310,276,捧
2311,276,澄
2312,275,哎
2313,275,瞬
2314,275,閩
2315,275,雌
2316,275,饒
2317,274,哨
2318,273,滸
2319,272,俺
2320,272,茂
2321,272,蘗
2322,271,勳
2323,271,肝
2324,270,盯
2325,270,籽
2326,269,恥
2327,269,濫
2328,269,菊
2329,268,帥
2330,268,戒
2331,267,鞭
2332,266,詢
2333,266,鎂
2334,265,宅
2335,265,淀
2336,265,烤
2337,265,賈
2338,265,跌
2339,264,笛
2340,264,蠻
2341,264,鄂
2342,263,棍
2343,263,睜
2344,263,鷊
2345,262,云
2346,262,岌
2347,262,曆
2348,262,鼎
2349,261,侍
2350,260,嚷
2351,260,藩
2352,259,匪
2353,259,穎
2354,259,糟
2355,258,纏
2356,257,卑
2357,257,堪
2358,257,壇
2359,257,氛
2360,256,悅
2361,256,碘
2362,256,縛
2363,255,屠
2364,255,攀
2365,255,溢
2366,255,甫
2367,254,凹
2368,254,拱
2369,254,攜
2370,254,晰
2371,254,朽
2372,253,吟
2373,253,迪
2374,252,菱
2375,252,謙
2376,251,俊
2377,251,嬸
2378,251,盼
2379,251,艘
2380,251,芒
2381,250,唇
2382,250,挫
2383,250,浴
2384,250,羞
2385,250,趁
2386,249,岳
2387,249,愚
2388,249,疼
2389,249,腫
2390,249,萎
2391,248,樞
2392,248,絞
2393,248,餵
2394,247,嫁
2395,247,慕
2396,247,茲
2397,246,艙
2398,246,蘋
2399,246,豫
2400,245,諭
2401,244,蠶
2402,243,潘
2403,243,翁
2404,243,迭
2405,243,頃
2406,242,匠
2407,242,榜
2408,242,欠
2409,241,沾
2410,241,疇
2411,241,胃
2412,241,茬
2413,241,蹤
2414,240,哼
2415,240,弊
2416,240,桐
2417,240,歧
2418,240,沃
2419,240,潰
2420,240,鵬
2421,239,悼
2422,239,惑
2423,239,蔗
2424,238,晒
2425,238,潭
2426,237,孢
2427,237,診
2428,236,庸
2429,236,渦
2430,236,迴
2431,235,嫌
2432,235,聰
2433,234,哦
2434,234,廚
2435,234,梭
2436,234,祁
2437,234,肆
2438,234,贈
2439,234,鉗
2440,234,龐
2441,233,崖
2442,233,醜
2443,232,籃
2444,231,并
2445,231,甸
2446,231,胖
2447,231,藻
2448,231,誇
2449,230,搗
2450,230,撕
2451,230,詔
2452,230,貞
2453,229,慈
2454,229,炕
2455,229,賜
2456,228,卓
2457,228,汛
2458,228,瓊
2459,228,鏟
2460,227,撓
2461,227,棵
2462,227,灶
2463,227,饋
2464,226,嬰
2465,225,祭
2466,225,膚
2467,225,蒂
2468,225,衫
2469,224,侖
2470,224,傑
2471,224,勉
2472,224,瀝
2473,223,滬
2474,223,逸
2475,222,嗓
2476,222,暈
2477,222,浦
2478,222,蜜
2479,221,膏
2480,221,艾
2481,221,贏
2482,220,兔
2483,220,孕
2484,220,憐
2485,220,扮
2486,220,蒲
2487,220,鵝
2488,219,嚦
2489,219,挪
2490,219,淑
2491,219,謠
2492,218,廊
2493,218,懼
2494,218,緬
2495,217,俘
2496,217,咽
2497,217,驕
2498,216,宰
2499,216,陡
2500,215,僱
2501,215,峻
2502,215,惱
2503,215,腺
2504,215,誕
2505,214,夷
2506,214,愉
2507,214,獵
2508,213,魔
2509,212,喲
2510,212,扛
2511,212,葛
2512,212,蔭
2513,212,銨
2514,209,脊
2515,208,倚
2516,208,扁
2517,208,杏
2518,208,橢
2519,208,溴
2520,208,滯
2521,208,苛
2522,208,鈔
2523,208,錳
2524,208,鑲
2525,207,捏
2526,207,斬
2527,207,氓
2528,206,傲
2529,206,僵
2530,206,匆
2531,206,屑
2532,206,燙
2533,206,衍
2534,206,郁
2535,206,鹵
2536,205,攏
2537,205,裸
2538,205,邪
2539,204,坊
2540,204,渴
2541,204,舅
2542,203,泄
2543,203,翔
2544,202,廈
2545,202,櫃
2546,202,欽
2547,202,窖
2548,202,貓
2549,201,媒
2550,201,脾
2551,200,噪
2552,200,晝
2553,200,蛇
2554,199,耙
2555,199,耿
2556,198,曇
2557,198,秤
2558,198,粱
2559,198,糕
2560,198,衷
2561,198,販
2562,198,辰
2563,197,哇
2564,197,囑
2565,197,宦
2566,197,扔
2567,197,杉
2568,197,詐
2569,195,吁
2570,195,岡
2571,195,廓
2572,195,悔
2573,195,皂
2574,194,氰
2575,194,肴
2576,193,剎
2577,193,勺
2578,193,寓
2579,193,瑪
2580,193,矢
2581,192,垮
2582,192,淘
2583,192,瓣
2584,192,筍
2585,192,罕
2586,192,鍾
2587,191,喇
2588,191,帕
2589,191,恭
2590,190,摔
2591,190,桉
2592,190,秉
2593,190,銘
2594,190,鬚
2595,190,齋
2596,189,儉
2597,189,叭
2598,189,帆
2599,189,瘤
2600,189,砸
2601,189,祼
2602,189,篷
2603,189,肢
2604,189,藤
2605,188,拐
2606,188,脖
2607,187,暑
2608,187,瞪
2609,186,殲
2610,186,竿
2611,186,笙
2612,186,蘊
2613,186,酮
2614,185,嘩
2615,185,瞎
2616,184,刃
2617,184,嵌
2618,184,楔
2619,184,紮
2620,184,藉
2621,183,喘
2622,183,廂
2623,183,撾
2624,183,枚
2625,183,粵
2626,182,咸
2627,182,拴
2628,182,爪
2629,182,甩
2630,182,膝
2631,181,懇
2632,181,腕
2633,180,娓
2634,180,屢
2635,180,熄
2636,179,錨
2637,178,噹
2638,178,忌
2639,178,愧
2640,177,丸
2641,177,圃
2642,177,榨
2643,177,荊
2644,177,騷
2645,176,屯
2646,176,毯
2647,176,蒜
2648,176,蠋
2649,175,俯
2650,175,弗
2651,175,梢
2652,175,衙
2653,175,鹿
2654,174,扒
2655,174,灑
2656,174,轎
2657,173,啞
2658,173,壘
2659,173,諒
2660,173,賤
2661,173,踢
2662,172,棕
2663,172,泳
2664,172,泌
2665,172,渥
2666,172,滔
2667,172,銜
2668,172,餉
2669,171,吻
2670,171,擱
2671,171,梨
2672,171,櫻
2673,171,熬
2674,170,奠
2675,169,姨
2676,168,乒
2677,168,惕
2678,168,聘
2679,168,鄆
2680,167,冀
2681,167,綁
2682,166,咖
2683,166,尉
2684,166,裹
2685,166,酥
2686,165,寡
2687,165,彥
2688,164,啡
2689,164,稠
2690,163,拼
2691,163,擅
2692,163,汝
2693,163,汰
2694,163,蚌
2695,163,鈍
2696,163,��
2697,162,捆
2698,162,敞
2699,162,遜
2700,162,雀
2701,161,棟
2702,161,謹
2703,161,鯉
2704,160,咳
2705,160,搏
2706,160,葫
2707,160,賄
2708,160,鱗
2709,159,占
2710,159,塌
2711,159,忉
2712,159,謊
2713,158,咋
2714,158,怖
2715,158,戊
2716,158,桔
2717,158,膩
2718,158,龜
2719,157,嘻
2720,157,墳
2721,157,禾
2722,156,坎
2723,156,拇
2724,156,摻
2725,156,煽
2726,156,獅
2727,155,寇
2728,155,梗
2729,155,鷹
2730,154,哄
2731,154,胳
2732,154,莽
2733,154,雯
2734,153,傻
2735,153,喻
2736,153,坪
2737,153,淵
2738,153,糠
2739,152,涅
2740,152,跪
2741,152,釗
2742,151,侮
2743,151,奕
2744,151,枕
2745,151,膛
2746,151,蕊
2747,151,譬
2748,150,兌
2749,150,寥
2750,150,扼
2751,150,辮
2752,150,腥
2753,150,郝
2754,149,戍
2755,149,曬
2756,149,耦
2757,149,蹄
2758,149,鈞
2759,148,匈
2760,148,屁
2761,148,戥
2762,148,樁
2763,148,瞿
2764,148,誦
2765,147,倦
2766,147,嶼
2767,147,抒
2768,147,涵
2769,147,袍
2770,147,釣
2771,146,嗣
2772,146,忿
2773,146,敷
2774,146,湜
2775,146,聊
2776,146,虹
2777,146,蹈
2778,146,鹹
2779,145,嗯
2780,145,姬
2781,145,淒
2782,145,燦
2783,145,狡
2784,145,糙
2785,145,蹬
2786,144,僧
2787,144,嗨
2788,144,栖
2789,144,笨
2790,144,辜
2791,143,枉
2792,143,翰
2793,143,茨
2794,143,諷
2795,142,呱
2796,142,岐
2797,142,嶄
2798,142,棗
2799,141,咕
2800,141,攬
2801,141,洶
2802,141,澇
2803,141,焚
2804,141,猴
2805,141,耍
2806,141,趟
2807,140,傍
2808,140,劈
2809,140,爵
2810,140,璋
2811,140,虜
2812,140,鍍
2813,139,昔
2814,139,瞅
2815,139,踩
2816,139,迄
2817,139,鑰
2818,138,汞
2819,138,祺
2820,138,詭
2821,138,魄
2822,137,嘲
2823,137,惶
2824,137,贓
2825,136,咐
2826,136,歉
2827,136,癌
2828,135,廬
2829,135,扳
2830,135,聶
2831,135,芡
2832,135,軀
2833,135,鄙
2834,134,擰
2835,134,煌
2836,134,襄
2837,134,貶
2838,134,隋
2839,133,佑
2840,133,寵
2841,133,懶
2842,133,栓
2843,133,滇
2844,133,炊
2845,133,謇
2846,132,憾
2847,132,裙
2848,132,贛
2849,132,駱
2850,131,兜
2851,131,孵
2852,131,曝
2853,131,泣
2854,131,猖
2855,131,痼
2856,131,盥
2857,131,絮
2858,131,韻
2859,130,噢
2860,130,曠
2861,130,洴
2862,130,盞
2863,130,眷
2864,130,茄
2865,129,暮
2866,129,榴
2867,129,淆
2868,129,濺
2869,129,煎
2870,129,琪
2871,129,鰲
2872,128,乞
2873,128,吼
2874,128,唧
2875,128,噠
2876,128,巢
2877,128,槐
2878,128,沛
2879,128,蜇
2880,128,蜀
2881,128,賺
2882,128,陛
2883,127,冪
2884,127,咒
2885,127,堯
2886,127,捍
2887,127,昇
2888,127,鉸
2889,126,叮
2890,126,煥
2891,126,煞
2892,126,耽
2893,126,褂
2894,125,募
2895,125,揀
2896,125,搓
2897,125,淹
2898,125,釜
2899,125,鉻
2900,125,雹
2901,124,灼
2902,124,瑰
2903,124,鄒
2904,124,鰱
2905,123,嬌
2906,123,彰
2907,123,焉
2908,123,荐
2909,123,躬
2910,122,匙
2911,122,咯
2912,122,庶
2913,122,惹
2914,122,淪
2915,122,琳
2916,122,畔
2917,122,蛤
2918,122,鶴
2919,121,斃
2920,121,漬
2921,121,皖
2922,121,禹
2923,121,邢
2924,120,卒
2925,120,庵
2926,120,淫
2927,120,竄
2928,120,繃
2929,120,翹
2930,119,簞
2931,119,陌
2932,118,兇
2933,118,巫
2934,118,柜
2935,118,玫
2936,118,膊
2937,118,韃
2938,117,拂
2939,117,瀾
2940,117,綏
2941,117,蕉
2942,117,贖
2943,117,雇
2944,116,囪
2945,116,寅
2946,116,稚
2947,116,縷
2948,116,賭
2949,116,躁
2950,116,鋤
2951,116,頰
2952,115,庚
2953,115,氦
2954,115,珊
2955,115,苟
2956,115,薦
2957,115,蛭
2958,115,蛻
2959,115,酌
2960,115,魁
2961,114,撇
2962,114,朕
2963,114,燾
2964,114,蔓
2965,114,豌
2966,114,逗
2967,114,閨
2968,113,佃
2969,113,侄
2970,113,桅
2971,113,熒
2972,113,緝
2973,113,襟
2974,113,鎳
2975,112,乍
2976,112,噯
2977,112,娶
2978,112,洒
2979,112,聳
2980,112,飪
2981,111,唸
2982,111,囂
2983,111,瀑
2984,111,痴
2985,111,筐
2986,111,裳
2987,111,靖
2988,111,靶
2989,111,韶
2990,110,崔
2991,110,繭
2992,110,蓿
2993,110,鎔
2994,109,剿
2995,109,喃
2996,109,娥
2997,109,岔
2998,109,搪
2999,109,撮
3000,109,氘
3001,109,雍
3002,109,霖
3003,108,撰
3004,108,粥
3005,108,虫
3006,107,吱
3007,107,慷
3008,107,檐
3009,107,琦
3010,107,莉
3011,107,襪
3012,107,豹
3013,107,赦
3014,107,邑
3015,107,闢
3016,107,駿
3017,106,凳
3018,106,喧
3019,106,媚
3020,106,挾
3021,106,晤
3022,106,睹
3023,106,籲
3024,106,舵
3025,106,隘
3026,106,雁
3027,106,鰓
3028,105,俞
3029,105,嚼
3030,105,愣
3031,105,揪
3032,105,樺
3033,105,澧
3034,105,蠢
3035,104,唆
3036,104,噶
3037,104,弛
3038,104,懈
3039,104,澗
3040,104,絹
3041,104,薪
3042,103,寞
3043,103,憎
3044,103,戎
3045,103,氈
3046,103,沼
3047,103,眨
3048,103,磺
3049,103,鈕
3050,103,鑼
3051,102,傭
3052,102,奢
3053,102,矯
3054,102,腎
3055,102,薛
3056,101,丞
3057,101,巍
3058,101,橙
3059,101,澀
3060,101,疙
3061,101,碌
3062,101,脯
3063,101,蠅
3064,101,髓
3065,101,鮑
3066,100,厄
3067,100,嘎
3068,100,宛
3069,100,淤
3070,100,畸
3071,100,砝
3072,100,磅
3073,100,簇
3074,100,羥
3075,100,荔
3076,100,蕾
3077,100,虐
3078,100,逾
3079,99,姊
3080,99,斧
3081,99,烙
3082,99,狄
3083,99,蚜
3084,98,喳
3085,98,垠
3086,98,帘
3087,98,斌
3088,98,棺
3089,98,瑣
3090,98,瞞
3091,98,筏
3092,98,騾
3093,98,鴕
3094,97,囚
3095,97,惰
3096,97,昧
3097,97,殳
3098,97,爍
3099,97,祇
3100,97,窒
3101,96,僻
3102,96,啼
3103,96,坤
3104,96,婷
3105,96,怯
3106,96,晌
3107,96,楣
3108,96,鎊
3109,96,黔
3110,95,丫
3111,95,崧
3112,95,怔
3113,95,晾
3114,95,棘
3115,95,泮
3116,95,溯
3117,95,瀉
3118,95,睦
3119,95,窺
3120,95,蜡
3121,95,陋
3122,94,吶
3123,94,噓
3124,94,墩
3125,94,悢
3126,94,蕕
3127,94,釁
3128,94,麓
3129,93,唔
3130,93,嗜
3131,93,墜
3132,93,孰
3133,93,屜
3134,93,慾
3135,93,旭
3136,93,梆
3137,93,瑟
3138,93,眯
3139,93,臧
3140,93,菇
3141,93,饁
3142,92,剔
3143,92,寢
3144,92,峨
3145,92,炔
3146,92,熾
3147,92,琤
3148,92,瑾
3149,92,簾
3150,92,肋
3151,92,肘
3152,92,臺
3153,92,蛹
3154,92,鞍
3155,92,鹼
3156,91,嗅
3157,91,婿
3158,91,孜
3159,91,楞
3160,91,涯
3161,91,癢
3162,91,禎
3163,91,禪
3164,91,羨
3165,91,虱
3166,91,醞
3167,90,伎
3168,90,宵
3169,90,峭
3170,90,朴
3171,90,楓
3172,90,熹
3173,90,蚊
3174,90,蝶
3175,90,驢
3176,89,丑
3177,89,噬
3178,89,夥
3179,89,庇
3180,89,杖
3181,89,牡
3182,89,稽
3183,89,蔚
3184,89,逞
3185,89,鞠
3186,89,餃
3187,89,馴
3188,88,吭
3189,88,栩
3190,88,犬
3191,88,皿
3192,88,硼
3193,88,竺
3194,88,羧
3195,88,訝
3196,88,詠
3197,88,訶
3198,88,鞘
3199,87,垢
3200,87,妖
3201,87,攫
3202,87,歹
3203,87,碉
3204,87,磕
3205,87,豁
3206,87,鏵
3207,87,阮
3208,87,飀
3209,86,傀
3210,86,凰
3211,86,咧
3212,86,啤
3213,86,廙
3214,86,楷
3215,86,渤
3216,86,熏
3217,86,聾
3218,86,閔
3219,85,彝
3220,85,斂
3221,85,朔
3222,85,淌
3223,85,瞻
3224,85,禦
3225,85,綴
3226,85,緞
3227,85,軒
3228,84,併
3229,84,儡
3230,84,墮
3231,84,憓
3232,84,抨
3233,84,摯
3234,84,汀
3235,84,瀆
3236,84,稟
3237,84,筷
3238,84,蒴
3239,84,蟹
3240,84,詫
3241,84,赳
3242,84,陀
3243,83,峒
3244,83,紉
3245,83,蕪
3246,83,謁
3247,82,券
3248,82,哉
3249,82,嗚
3250,82,扞
3251,82,漓
3252,82,碾
3253,82,禿
3254,82,茸
3255,82,蔔
3256,82,跋
3257,82,迂
3258,82,銼
3259,82,駝
3260,81,俠
3261,81,嘿
3262,81,崎
3263,81,恫
3264,81,摹
3265,81,檬
3266,81,檸
3267,81,誅
3268,81,躅
3269,81,醚
3270,81,餡
3271,81,魅
3272,81,魑
3273,80,伺
3274,80,唾
3275,80,幢
3276,80,戔
3277,80,槳
3278,80,瑯
3279,80,穫
3280,80,箋
3281,80,苓
3282,80,茯
3283,80,謎
3284,80,鈦
3285,80,鋰
3286,79,柿
3287,79,楠
3288,79,毓
3289,79,涕
3290,79,渭
3291,79,炯
3292,79,茵
3293,79,襖
3294,79,逛
3295,79,霄
3296,78,劾
3297,78,娛
3298,78,洽
3299,78,湝
3300,78,眶
3301,78,箍
3302,78,胥
3303,78,鈷
3304,78,鉑
3305,77,嚙
3306,77,妝
3307,77,慚
3308,77,拈
3309,77,棠
3310,77,氬
3311,77,硒
3312,77,蓀
3313,77,蘸
3314,77,袱
3315,77,鋇
3316,76,乖
3317,76,嘯
3318,76,奎
3319,76,娟
3320,76,巰
3321,76,帖
3322,76,彤
3323,76,戳
3324,76,滍
3325,76,禺
3326,76,籮
3327,76,紊
3328,76,羿
3329,76,芋
3330,76,裘
3331,76,諱
3332,76,謗
3333,75,尹
3334,75,渺
3335,75,澈
3336,75,箏
3337,75,篤
3338,75,簿
3339,75,鯽
3340,75,鯨
3341,74,吆
3342,74,哺
3343,74,啃
3344,74,埠
3345,74,栗
3346,74,汾
3347,74,猾
3348,74,碩
3349,74,託
3350,74,鮒
3351,73,岑
3352,73,峙
3353,73,庤
3354,73,廖
3355,73,徘
3356,73,榆
3357,73,氡
3358,73,湍
3359,73,潺
3360,73,琢
3361,73,砧
3362,73,莎
3363,73,踱
3364,73,錮
3365,73,閻
3366,73,阜
3367,73,隧
3368,73,魷
3369,72,嘶
3370,72,妮
3371,72,捂
3372,72,毆
3373,72,汆
3374,72,筘
3375,72,苔
3376,71,刪
3377,71,喓
3378,71,圭
3379,71,捄
3380,71,殆
3381,71,熨
3382,71,眺
3383,71,睪
3384,70,侈
3385,70,侶
3386,70,垛
3387,70,恍
3388,70,湛
3389,70,甄
3390,70,稜
3391,70,羲
3392,70,翊
3393,70,芹
3394,70,鉬
3395,69,匿
3396,69,恃
3397,69,戩
3398,69,殃
3399,69,毋
3400,69,灤
3401,69,狐
3402,69,竣
3403,69,舜
3404,69,荀
3405,69,訣
3406,69,諄
3407,69,餞
3408,69,鬱
3409,68,剁
3410,68,叩
3411,68,婉
3412,68,憩
3413,68,朦
3414,68,樟
3415,68,氚
3416,68,淬
3417,68,窟
3418,68,詹
3419,67,亨
3420,67,咚
3421,67,嗽
3422,67,圜
3423,67,壑
3424,67,崽
3425,67,滄
3426,67,澡
3427,67,痢
3428,67,癱
3429,67,碟
3430,67,葵
3431,67,覓
3432,67,逶
3433,67,靴
3434,67,頹
3435,67,飴
3436,67,駭
3437,66,嘰
3438,66,嚨
3439,66,廿
3440,66,朧
3441,66,沁
3442,66,焯
3443,66,翩
3444,66,腮
3445,66,膿
3446,66,薇
3447,66,蝸
3448,66,褘
3449,66,觜
3450,66,誹
3451,66,邱
3452,66,馱
3453,66,驛
3454,65,埂
3455,65,奄
3456,65,彙
3457,65,怡
3458,65,椰
3459,65,浚
3460,65,焙
3461,65,猩
3462,65,痒
3463,65,礬
3464,65,絢
3465,65,耑
3466,65,膳
3467,65,褥
3468,65,褶
3469,65,諫
3470,65,鍔
3471,65,鏽
3472,65,颱
3473,64,匝
3474,64,呃
3475,64,嵐
3476,64,廁
3477,64,彬
3478,64,恣
3479,64,戮
3480,64,撼
3481,64,椿
3482,64,樊
3483,64,沂
3484,64,淳
3485,64,狽
3486,64,竅
3487,64,綽
3488,64,褙
3489,64,蹦
3490,64,髯
3491,63,卉
3492,63,幀
3493,63,瑛
3494,63,綺
3495,63,菩
3496,63,萱
3497,63,闓
3498,62,呻
3499,62,堰
3500,62,妓
3501,62,娣
3502,62,嬉
3503,62,徭
3504,62,掂
3505,62,揩
3506,62,擒
3507,62,攘
3508,62,檻
3509,62,莢
3510,62,蚓
3511,62,蚯
3512,62,趾
3513,62,酐
3514,62,銻
3515,62,頲
3516,62,飢
3517,62,龔
3518,61,兢
3519,61,嘔
3520,61,夭
3521,61,摟
3522,61,斟
3523,61,曙
3524,61,札
3525,61,枷
3526,61,殯
3527,61,祀
3528,61,穜
3529,61,粕
3530,61,苞
3531,61,菠
3532,61,蝴
3533,61,螞
3534,61,蠕
3535,61,褪
3536,61,詒
3537,61,踽
3538,61,鍊
3539,61,鎢
3540,61,閹
3541,61,饅
3542,61,髡
3543,61,魴
3544,60,冉
3545,60,冥
3546,60,妾
3547,60,尬
3548,60,尷
3549,60,惺
3550,60,捎
3551,60,攙
3552,60,櫥
3553,60,泗
3554,60,疵
3555,60,祈
3556,60,葦
3557,60,謚
3558,59,佣
3559,59,倔
3560,59,孚
3561,59,幌
3562,59,恕
3563,59,撬
3564,59,榕
3565,59,洼
3566,59,浬
3567,59,浥
3568,59,礫
3569,59,穢
3570,59,窿
3571,59,襠
3572,58,凜
3573,58,厥
3574,58,吩
3575,58,壕
3576,58,拷
3577,58,璇
3578,58,祠
3579,58,祚
3580,58,荸
3581,58,詛
3582,58,賂
3583,57,佼
3584,57,叨
3585,57,懾
3586,57,揣
3587,57,暇
3588,57,湃
3589,57,牟
3590,57,磋
3591,57,粟
3592,57,糜
3593,57,羈
3594,57,肱
3595,57,踶
3596,57,迤
3597,57,鵑
3598,56,嫉
3599,56,嬤
3600,56,悍
3601,56,撩
3602,56,晦
3603,56,烽
3604,56,矸
3605,56,碲
3606,56,箕
3607,56,肇
3608,56,臻
3609,56,訾
3610,56,踞
3611,56,颳
3612,55,俟
3613,55,匣
3614,55,嗦
3615,55,嘀
3616,55,嘈
3617,55,屎
3618,55,帷
3619,55,忱
3620,55,捶
3621,55,槭
3622,55,洩
3623,55,涌
3624,55,漪
3625,55,獗
3626,55,琉
3627,55,瑚
3628,55,瘠
3629,55,笈
3630,55,虞
3631,55,輾
3632,55,轆
3633,55,餚
3634,54,嗡
3635,54,垣
3636,54,婢
3637,54,嶇
3638,54,拙
3639,54,杲
3640,54,汕
3641,54,潼
3642,54,瀕
3643,54,瘟
3644,54,禧
3645,54,綾
3646,54,苑
3647,54,藹
3648,54,蛙
3649,54,譏
3650,54,軻
3651,54,輒
3652,54,迸
3653,54,酏
3654,54,靡
3655,54,鴿
3656,53,凋
3657,53,坳
3658,53,墟
3659,53,恝
3660,53,缽
3661,53,舖
3662,53,范
3663,53,茉
3664,53,遏
3665,53,闕
3666,53,鰭
3667,52,咪
3668,52,嗶
3669,52,娜
3670,52,嫻
3671,52,憋
3672,52,拯
3673,52,柑
3674,52,檀
3675,52,氖
3676,52,淩
3677,52,漕
3678,52,澎
3679,52,炬
3680,52,瘩
3681,52,砉
3682,52,耆
3683,52,腌
3684,52,蟻
3685,52,詆
3686,52,諺
3687,52,軹
3688,52,鍥
3689,52,閏
3690,52,馨
3691,51,冕
3692,51,劓
3693,51,复
3694,51,峪
3695,51,帚
3696,51,弼
3697,51,拭
3698,51,瀋
3699,51,禱
3700,51,筵
3701,51,羹
3702,51,薔
3703,51,裔
3704,51,軛
3705,50,奚
3706,50,弘
3707,50,楦
3708,50,檽
3709,50,甥
3710,50,瘡
3711,50,簸
3712,50,絆
3713,50,綻
3714,50,蜓
3715,50,諜
3716,50,躊
3717,50,迥
3718,50,銑
3719,49,伽
3720,49,婪
3721,49,恤
3722,49,棧
3723,49,汲
3724,49,炖
3725,49,甭
3726,49,窘
3727,49,芻
3728,49,蕃
3729,49,覲
3730,49,輜
3731,49,酋
3732,49,飭
3733,49,驥
3734,49,骼
3735,48,佇
3736,48,倪
3737,48,刁
3738,48,卣
3739,48,哮
3740,48,垃
3741,48,嫣
3742,48,懿
3743,48,沭
3744,48,瞥
3745,48,籬
3746,48,縐
3747,48,萋
3748,48,菡
3749,48,蚵
3750,48,鐳
3751,48,霎
3752,47,侉
3753,47,俾
3754,47,匾
3755,47,咀
3756,47,嘟
3757,47,噗
3758,47,圾
3759,47,嫡
3760,47,忡
3761,47,悸
3762,47,愷
3763,47,懊
3764,47,檄
3765,47,洄
3766,47,猿
3767,47,畿
3768,47,疤
3769,47,皚
3770,47,祆
3771,47,耘
3772,47,茗
3773,47,蜿
3774,47,誡
3775,47,謨
3776,47,轂
3777,47,頤
3778,46,佘
3779,46,俏
3780,46,夔
3781,46,妒
3782,46,妞
3783,46,巔
3784,46,懋
3785,46,攢
3786,46,梧
3787,46,樀
3788,46,汶
3789,46,矽
3790,46,窪
3791,46,篝
3792,46,繚
3793,46,荃
3794,46,蠹
3795,46,踉
3796,46,遁
3797,46,銬
3798,46,鎌
3799,46,鐮
3800,46,鬢
3801,46,鰻
3802,45,嗒
3803,45,嚕
3804,45,夸
3805,45,屹
3806,45,怠
3807,45,斡
3808,45,楨
3809,45,瀟
3810,45,瑤
3811,45,瞄
3812,45,舷
3813,45,芭
3814,45,蘑
3815,45,蛛
3816,45,酪
3817,45,鎬
3818,45,隴
3819,44,僥
3820,44,匕
3821,44,啪
3822,44,夯
3823,44,尸
3824,44,崆
3825,44,帛
3826,44,徊
3827,44,悒
3828,44,愕
3829,44,憨
3830,44,曳
3831,44,槓
3832,44,淇
3833,44,痹
3834,44,竇
3835,44,訥
3836,44,贄
3837,44,躇
3838,44,迦
3839,44,遽
3840,44,魛
3841,43,卅
3842,43,囤
3843,43,嬴
3844,43,焓
3845,43,煸
3846,43,燮
3847,43,瑩
3848,43,砰
3849,43,秸
3850,43,箐
3851,43,翟
3852,43,胭
3853,43,舀
3854,43,舐
3855,43,葆
3856,43,蛟
3857,43,跐
3858,43,踴
3859,43,雉
3860,43,黯
3861,42,哆
3862,42,弁
3863,42,弋
3864,42,彷
3865,42,悵
3866,42,檜
3867,42,涇
3868,42,渝
3869,42,漱
3870,42,灝
3871,42,瘓
3872,42,箔
3873,42,芙
3874,42,芥
3875,42,螢
3876,42,觥
3877,42,顱
3878,41,嗆
3879,41,嘖
3880,41,孽
3881,41,弈
3882,41,惋
3883,41,惦
3884,41,淞
3885,41,漩
3886,41,犀
3887,41,珮
3888,41,眩
3889,41,簍
3890,41,繽
3891,41,腋
3892,41,腑
3893,41,萃
3894,41,袒
3895,41,隅
3896,41,韭
3897,41,髖
3898,41,黝
3899,40,劊
3900,40,吠
3901,40,嘮
3902,40,惴
3903,40,攆
3904,40,斛
3905,40,暉
3906,40,毗
3907,40,渲
3908,40,溮
3909,40,炙
3910,40,燎
3911,40,瓘
3912,40,矗
3913,40,稷
3914,40,筠
3915,40,粽
3916,40,翬
3917,40,臆
3918,40,茁
3919,40,茴
3920,40,菴
3921,40,蒿
3922,40,貽
3923,40,蹠
3924,40,酉
3925,40,黍
3926,39,仕
3927,39,伶
3928,39,卯
3929,39,唬
3930,39,噫
3931,39,巒
3932,39,彊
3933,39,慟
3934,39,曨
3935,39,橄
3936,39,檯
3937,39,殉
3938,39,沅
3939,39,溥
3940,39,漾
3941,39,畦
3942,39,癟
3943,39,眈
3944,39,磊
3945,39,繹
3946,39,胱
3947,39,蟈
3948,39,跺
3949,39,鍬
3950,39,鐺
3951,39,馭
3952,39,黷
3953,38,么
3954,38,佯
3955,38,剃
3956,38,剄
3957,38,咆
3958,38,懦
3959,38,懨
3960,38,揌
3961,38,撿
3962,38,梓
3963,38,涂
3964,38,漉
3965,38,濘
3966,38,濛
3967,38,瀏
3968,38,痞
3969,38,盅
3970,38,簦
3971,38,纂
3972,38,虔
3973,38,諢
3974,38,驀
3975,37,倭
3976,37,冼
3977,37,几
3978,37,圩
3979,37,壬
3980,37,拽
3981,37,掐
3982,37,昶
3983,37,榷
3984,37,溺
3985,37,濂
3986,37,猥
3987,37,砷
3988,37,罃
3989,37,薊
3990,37,蟆
3991,37,蠡
3992,37,贅
3993,37,躑
3994,37,鉅
3995,36,佬
3996,36,兀
3997,36,嘹
3998,36,塾
3999,36,奐
4000,36,戟
4001,36,掣
4002,36,擎
4003,36,棻
4004,36,樵
4005,36,漚
4006,36,灸
4007,36,煨
4008,36,盔
4009,36,矇
4010,36,碴
4011,36,繕
4012,36,臀
4013,36,芊
4014,36,芸
4015,36,荼
4016,36,藕
4017,36,褒
4018,36,覃
4019,36,覬
4020,36,跼
4021,36,蹂
4022,36,蹭
4023,36,逍
4024,36,鍺
4025,36,鍘
4026,36,鐐
4027,36,骸
4028,36,鰾
4029,35,亢
4030,35,吮
4031,35,廄
4032,35,廝
4033,35,徇
4034,35,憊
4035,35,搔
4036,35,擄
4037,35,擂
4038,35,涸
4039,35,狩
4040,35,瓢
4041,35,甦
4042,35,窨
4043,35,菖
4044,35,酣
4045,35,銫
4046,35,鐲
4047,35,髦
4048,34,仝
4049,34,嘍
4050,34,恬
4051,34,恿
4052,34,憧
4053,34,憖
4054,34,捺
4055,34,撂
4056,34,撻
4057,34,瀚
4058,34,灩
4059,34,瑋
4060,34,璞
4061,34,甬
4062,34,瘀
4063,34,睫
4064,34,瞟
4065,34,砑
4066,34,縊
4067,34,菁
4068,34,蓑
4069,34,藐
4070,34,詼
4071,34,鉦
4072,34,鐸
4073,34,鑊
4074,34,闌
4075,34,霹
4076,34,髫
4077,33,倌
4078,33,匡
4079,33,咎
4080,33,唁
4081,33,哧
4082,33,塈
4083,33,姥
4084,33,孥
4085,33,寔
4086,33,崛
4087,33,惘
4088,33,掇
4089,33,沱
4090,33,淙
4091,33,渙
4092,33,盎
4093,33,睬
4094,33,肄
4095,33,裴
4096,33,裱
4097,33,詣
4098,33,赭
4099,33,酈
4100,33,錚
4101,33,黥
4102,32,偕
4103,32,冗
4104,32,卦
4105,32,哽
4106,32,啄
4107,32,嗩
4108,32,坩
4109,32,塹
4110,32,寰
4111,32,扦
4112,32,挎
4113,32,捋
4114,32,杞
4115,32,桁
4116,32,沐
4117,32,澮
4118,32,燁
4119,32,瑜
4120,32,瘁
4121,32,硯
4122,32,笠
4123,32,笞
4124,32,簫
4125,32,紂
4126,32,翡
4127,32,脛
4128,32,苕
4129,32,萼
4130,32,豉
4131,32,雰
4132,32,鞅
4133,32,鬃
4134,32,鴇
4135,32,黜
4136,31,兮
4137,31,咄
4138,31,墅
4139,31,憫
4140,31,掄
4141,31,椎
4142,31,橘
4143,31,淄
4144,31,澦
4145,31,痙
4146,31,磧
4147,31,穄
4148,31,薌
4149,31,蛀
4150,31,蝗
4151,31,誨
4152,31,趴
4153,31,躡
4154,31,迢
4155,31,酗
4156,31,釩
4157,31,霆
4158,31,靛
4159,31,餑
4160,31,駙
4161,31,鵲
4162,30,亙
4163,30,儼
4164,30,匍
4165,30,媛
4166,30,幔
4167,30,徨
4168,30,慫
4169,30,憬
4170,30,拗
4171,30,暨
4172,30,曦
4173,30,桎
4174,30,榔
4175,30,榻
4176,30,沽
4177,30,瀘
4178,30,狸
4179,30,琵
4180,30,琶
4181,30,瘍
4182,30,皋
4183,30,篙
4184,30,粼
4185,30,絳
4186,30,纍
4187,30,翎
4188,30,舔
4189,30,莠
4190,30,蛾
4191,30,衢
4192,30,裊
4193,30,貰
4194,30,轍
4195,30,鎵
4196,30,鑷
4197,30,阡
4198,30,韁
4199,30,饃
4200,30,骯
4201,30,齎
4202,29,丐
4203,29,俸
4204,29,嚀
4205,29,扈
4206,29,拮
4207,29,掖
4208,29,搾
4209,29,晏
4210,29,暹
4211,29,棣
4212,29,獰
4213,29,痰
4214,29,砩
4215,29,秫
4216,29,笆
4217,29,籤
4218,29,羌
4219,29,蔫
4220,29,蘩
4221,29,蟒
4222,29,蟬
4223,29,訕
4224,29,贍
4225,29,郛
4226,29,醪
4227,29,饞
4228,29,鯕
4229,29,鵪
4230,28,剡
4231,28,叼
4232,28,咦
4233,28,唄
4234,28,唑
4235,28,坍
4236,28,塢
4237,28,姽
4238,28,彗
4239,28,怦
4240,28,懣
4241,28,抿
4242,28,攣
4243,28,杈
4244,28,棲
4245,28,淅
4246,28,瑙
4247,28,癖
4248,28,縈
4249,28,臃
4250,28,訛
4251,28,諦
4252,28,邃
4253,28,陂
4254,28,靳
4255,28,鶯
4256,27,伈
4257,27,僨
4258,27,卌
4259,27,啁
4260,27,姍
4261,27,婁
4262,27,崑
4263,27,嵊
4264,27,惚
4265,27,揖
4266,27,撟
4267,27,棨
4268,27,氪
4269,27,沘
4270,27,湫
4271,27,滎
4272,27,燜
4273,27,猞
4274,27,疣
4275,27,癮
4276,27,皦
4277,27,紜
4278,27,纓
4279,27,聆
4280,27,腆
4281,27,臍
4282,27,苧
4283,27,蜚
4284,27,賡
4285,27,醴
4286,27,鉚
4287,27,霓
4288,27,霏
4289,27,馥
4290,27,麂
4291,26,俐
4292,26,倩
4293,26,倖
4294,26,嚐
4295,26,囡
4296,26,寐
4297,26,巳
4298,26,憚
4299,26,揍
4300,26,櫓
4301,26,泠
4302,26,滀
4303,26,濰
4304,26,瀌
4305,26,燧
4306,26,甓
4307,26,瞌
4308,26,矚
4309,26,箅
4310,26,翌
4311,26,莧
4312,26,蕎
4313,26,袞
4314,26,褚
4315,26,貲
4316,26,踝
4317,26,踵
4318,26,鈺
4319,26,霰
4320,26,韜
4321,26,鰣
4322,26,鳩
4323,26,鷗
4324,26,麈
4325,26,鼾
4326,25,搳
4327,25,擻
4328,25,敕
4329,25,枸
4330,25,櫛
4331,25,涫
4332,25,湄
4333,25,溧
4334,25,潷
4335,25,瑒
4336,25,癩
4337,25,篾
4338,25,繄
4339,25,膘
4340,25,膺
4341,25,蠍
4342,25,貉
4343,25,轢
4344,25,鄱
4345,25,頎
4346,25,餒
4347,25,騁
4348,24,侃
4349,24,噎
4350,24,嬋
4351,24,屐
4352,24,悝
4353,24,掰
4354,24,攥
4355,24,晛
4356,24,桓
4357,24,槌
4358,24,檳
4359,24,沏
4360,24,漣
4361,24,燴
4362,24,璆
4363,24,瓮
4364,24,疚
4365,24,疸
4366,24,癭
4367,24,皎
4368,24,眸
4369,24,礪
4370,24,繆
4371,24,芫
4372,24,茹
4373,24,葷
4374,24,蒔
4375,24,蜘
4376,24,蜷
4377,24,蝟
4378,24,襌
4379,24,觴
4380,24,遐
4381,24,邛
4382,24,鄺
4383,24,釔
4384,24,銓
4385,24,靂
4386,24,顎
4387,24,駒
4388,24,鯪
4389,24,鷲
4390,23,仞
4391,23,儆
4392,23,冽
4393,23,剌
4394,23,嗟
4395,23,嗤
4396,23,嗔
4397,23,嘜
4398,23,惊
4399,23,愫
4400,23,攸
4401,23,敝
4402,23,斐
4403,23,旻
4404,23,桀
4405,23,楫
4406,23,櫚
4407,23,汐
4408,23,沄
4409,23,涎
4410,23,滕
4411,23,牘
4412,23,犢
4413,23,玁
4414,23,珩
4415,23,琛
4416,23,瓤
4417,23,祗
4418,23,稞
4419,23,糶
4420,23,紈
4421,23,繅
4422,23,翦
4423,23,翯
4424,23,胰
4425,23,蒺
4426,23,蚣
4427,23,蚕
4428,23,蝙
4429,23,褻
4430,23,蹩
4431,23,陲
4432,23,靦
4433,23,黛
4434,22,冑
4435,22,剞
4436,22,剟
4437,22,咂
4438,22,喔
4439,22,喙
4440,22,噩
4441,22,娼
4442,22,庾
4443,22,忸
4444,22,悚
4445,22,悻
4446,22,憮
4447,22,挹
4448,22,掬
4449,22,摳
4450,22,晁
4451,22,梔
4452,22,梟
4453,22,汴
4454,22,湉
4455,22,炫
4456,22,甌
4457,22,畋
4458,22,磐
4459,22,纔
4460,22,胛
4461,22,臊
4462,22,薺
4463,22,蛆
4464,22,蜈
4465,22,註
4466,22,諉
4467,22,豺
4468,22,蹜
4469,22,轤
4470,22,郴
4471,22,鐠
4472,22,閂
4473,22,餔
4474,22,齶
4475,21,剚
4476,21,咫
4477,21,嗷
4478,21,娑
4479,21,幠
4480,21,扉
4481,21,摒
4482,21,汩
4483,21,洵
4484,21,涓
4485,21,湋
4486,21,潓
4487,21,瀛
4488,21,焱
4489,21,瞑
4490,21,硌
4491,21,磴
4492,21,綌
4493,21,緋
4494,21,芍
4495,21,萵
4496,21,蕙
4497,21,蠔
4498,21,蠱
4499,21,豢
4500,21,貂
4501,21,轅
4502,21,鈐
4503,21,閡
4504,21,驤
4505,20,佗
4506,20,傣
4507,20,勰
4508,20,吒
4509,20,吝
4510,20,呸
4511,20,啣
4512,20,啾
4513,20,噙
4514,20,嚶
4515,20,岱
4516,20,嵇
4517,20,忖
4518,20,昵
4519,20,沌
4520,20,淶
4521,20,漳
4522,20,燼
4523,20,爰
4524,20,璨
4525,20,痊
4526,20,皓
4527,20,瞰
4528,20,碫
4529,20,祉
4530,20,穀
4531,20,窅
4532,20,粳
4533,20,縹
4534,20,聿
4535,20,臼
4536,20,蚤
4537,20,蜥
4538,20,衽
4539,20,詁
4540,20,誥
4541,20,郫
4542,20,釙
4543,20,鉞
4544,20,閭
4545,20,黟
4546,20,鼴
4547,19,佚
4548,19,俳
4549,19,匐
4550,19,嗐
4551,19,孺
4552,19,愴
4553,19,拎
4554,19,抻
4555,19,斝
4556,19,杵
4557,19,櫟
4558,19,泱
4559,19,砒
4560,19,秕
4561,19,簃
4562,19,紝
4563,19,茭
4564,19,蒐
4565,19,藺
4566,19,謳
4567,19,讒
4568,19,蹙
4569,19,躪
4570,19,邸
4571,19,郾
4572,19,鄲
4573,19,醣
4574,19,鏗
4575,19,闞
4576,19,頜
4577,19,鱉
4578,19,鱒
4579,18,亶
4580,18,偎
4581,18,偁
4582,18,剷
4583,18,唷
4584,18,喟
4585,18,嚎
4586,18,媲
4587,18,宸
4588,18,撅
4589,18,榭
4590,18,歙
4591,18,沮
4592,18,沓
4593,18,浠
4594,18,渚
4595,18,潦
4596,18,澼
4597,18,熤
4598,18,燻
4599,18,猝
4600,18,玓
4601,18,珂
4602,18,璀
4603,18,瓏
4604,18,畈
4605,18,瘧
4606,18,瘢
4607,18,癸
4608,18,礡
4609,18,祜
4610,18,祟
4611,18,絀
4612,18,繇
4613,18,罔
4614,18,胯
4615,18,芷
4616,18,茜
4617,18,蓖
4618,18,軾
4619,18,邯
4620,18,釷
4621,18,銖
4622,18,鋯
4623,18,鍶
4624,18,鎧
4625,18,鑠
4626,18,闔
4627,18,鞁
4628,18,韞
4629,18,頷
4630,18,饌
4631,18,鯰
4632,18,鴛
4633,18,鼕
4634,17,伕
4635,17,倜
4636,17,僂
4637,17,匱
4638,17,喋
4639,17,喑
4640,17,噥
4641,17,囔
4642,17,圳
4643,17,圪
4644,17,奘
4645,17,妊
4646,17,媾
4647,17,嵎
4648,17,弩
4649,17,恙
4650,17,悴
4651,17,惆
4652,17,愬
4653,17,慥
4654,17,憔
4655,17,戡
4656,17,拊
4657,17,掾
4658,17,搐
4659,17,撙
4660,17,杳
4661,17,柞
4662,17,泓
4663,17,涮
4664,17,淖
4665,17,滓
4666,17,滁
4667,17,瓚
4668,17,痺
4669,17,盂
4670,17,眚
4671,17,矜
4672,17,碔
4673,17,穌
4674,17,簌
4675,17,緱
4676,17,羔
4677,17,膂
4678,17,膾
4679,17,膻
4680,17,藜
4681,17,蟿
4682,17,襤
4683,17,鋏
4684,17,鏢
4685,17,鑕
4686,17,鑫
4687,17,钁
4688,17,隍
4689,17,隈
4690,17,靄
4691,17,靼
4692,17,飩
4693,17,餛
4694,17,鬣
4695,16,亳
4696,16,伢
4697,16,侏
4698,16,凊
4699,16,刈
4700,16,吋
4701,16,坨
4702,16,塽
4703,16,婺
4704,16,岬
4705,16,嵬
4706,16,嶝
4707,16,忞
4708,16,悖
4709,16,扊
4710,16,揆
4711,16,揶
4712,16,揅
4713,16,撣
4714,16,曷
4715,16,榛
4716,16,樨
4717,16,洎
4718,16,涪
4719,16,溘
4720,16,犍
4721,16,猙
4722,16,瑕
4723,16,甑
4724,16,瘴
4725,16,癙
4726,16,皴
4727,16,瞳
4728,16,碣
4729,16,禨
4730,16,篦
4731,16,糌
4732,16,綦
4733,16,耷
4734,16,肛
4735,16,螃
4736,16,裨
4737,16,裾
4738,16,襏
4739,16,蹋
4740,16,蹌
4741,16,蹶
4742,16,輟
4743,16,逕
4744,16,郟
4745,16,酊
4746,16,鈁
4747,16,銥
4748,16,銣
4749,16,鑾
4750,16,鞿
4751,16,騫
4752,16,鯊
4753,16,鯔
4754,16,鸕
4755,16,鸞
4756,15,亓
4757,15,仡
4758,15,俅
4759,15,僦
4760,15,呷
4761,15,喱
4762,15,嗇
4763,15,嘧
4764,15,噤
4765,15,夙
4766,15,娠
4767,15,婧
4768,15,嫵
4769,15,幛
4770,15,恚
4771,15,揄
4772,15,枋
4773,15,栻
4774,15,殫
4775,15,氙
4776,15,汏
4777,15,洱
4778,15,潢
4779,15,潞
4780,15,煦
4781,15,煒
4782,15,璽
4783,15,癆
4784,15,睎
4785,15,砥
4786,15,祛
4787,15,窠
4788,15,簪
4789,15,緘
4790,15,緲
4791,15,縞
4792,15,翽
4793,15,荳
4794,15,薅
4795,15,薹
4796,15,蘄
4797,15,蜮
4798,15,詎
4799,15,謾
4800,15,賃
4801,15,賒
4802,15,蹉
4803,15,遒
4804,15,鈀
4805,15,鉍
4806,15,鏘
4807,15,鐃
4808,15,鑞
4809,15,闋
4810,15,阱
4811,15,隄
4812,15,鯗
4813,15,鱖
4814,15,鱧
4815,15,鳧
4816,15,鵠
4817,15,鶻
4818,14,俚
4819,14,俁
4820,14,俛
4821,14,偃
4822,14,倏
4823,14,僬
4824,14,冢
4825,14,厔
4826,14,嗖
4827,14,嘁
4828,14,噘
4829,14,圻
4830,14,婞
4831,14,嫦
4832,14,孑
4833,14,岷
4834,14,嵒
4835,14,嶙
4836,14,弭
4837,14,戢
4838,14,抉
4839,14,挈
4840,14,捫
4841,14,昊
4842,14,梵
4843,14,棬
4844,14,楹
4845,14,椴
4846,14,泯
4847,14,湮
4848,14,溏
4849,14,熵
4850,14,燿
4851,14,爔
4852,14,牒
4853,14,狒
4854,14,猗
4855,14,獷
4856,14,珀
4857,14,盩
4858,14,瞇
4859,14,祲
4860,14,禕
4861,14,稗
4862,14,穹
4863,14,笥
4864,14,纘
4865,14,羚
4866,14,腱
4867,14,莞
4868,14,葭
4869,14,薿
4870,14,蝠
4871,14,螟
4872,14,褸
4873,14,覷
4874,14,訄
4875,14,訑
4876,14,訢
4877,14,詰
4878,14,諛
4879,14,謅
4880,14,踹
4881,14,蹚
4882,14,蹺
4883,14,軼
4884,14,郇
4885,14,醺
4886,14,鈹
4887,14,鎘
4888,14,隕
4889,14,霈
4890,14,頊
4891,14,駢
4892,14,駸
4893,14,鬻
4894,14,鳲
4895,14,鴝
4896,14,鷂
4897,13,亟
4898,13,侗
4899,13,俑
4900,13,兗
4901,13,剜
4902,13,勦
4903,13,叱
4904,13,哿
4905,13,喏
4906,13,婕
4907,13,屙
4908,13,巽
4909,13,恪
4910,13,愜
4911,13,懺
4912,13,掱
4913,13,攄
4914,13,敖
4915,13,晢
4916,13,榤
4917,13,毽
4918,13,洮
4919,13,煜
4920,13,犄
4921,13,狉
4922,13,猷
4923,13,玷
4924,13,琥
4925,13,琰
4926,13,璘
4927,13,疽
4928,13,痱
4929,13,癲
4930,13,盪
4931,13,篆
4932,13,綷
4933,13,綹
4934,13,緙
4935,13,翱
4936,13,腴
4937,13,莆
4938,13,蓂
4939,13,螣
4940,13,謐
4941,13,謫
4942,13,贐
4943,13,趿
4944,13,郅
4945,13,郢
4946,13,鄜
4947,13,鄴
4948,13,醵
4949,13,錕
4950,13,鏤
4951,13,隤
4952,13,雋
4953,13,颯
4954,13,鴦
4955,13,鵷
4956,13,鶵
4957,13,鸚
4958,13,鼯
4959,12,俵
4960,12,傖
4961,12,儷
4962,12,冱
4963,12,呶
4964,12,咿
4965,12,啖
4966,12,啷
4967,12,嘌
4968,12,圄
4969,12,堊
4970,12,壹
4971,12,夤
4972,12,奭
4973,12,奼
4974,12,娩
4975,12,娌
4976,12,嫚
4977,12,峴
4978,12,彿
4979,12,忻
4980,12,怏
4981,12,怹
4982,12,捯
4983,12,搡
4984,12,梩
4985,12,椽
4986,12,歆
4987,12,毖
4988,12,氐
4989,12,泜
4990,12,浹
4991,12,濯
4992,12,玖
4993,12,璜
4994,12,睨
4995,12,睽
4996,12,��
4997,12,秭
4998,12,稹
4999,12,筌
5000,12,箸
5001,12,簟
5002,12,粲
5003,12,紆
5004,12,絜
5005,12,綬
5006,12,舂
5007,12,艄
5008,12,菽
5009,12,蓍
5010,12,蓼
5011,12,蘚
5012,12,螂
5013,12,蟋
5014,12,蠣
5015,12,衋
5016,12,諤
5017,12,趄
5018,12,逋
5019,12,酹
5020,12,醱
5021,12,鈽
5022,12,陟
5023,12,霾
5024,12,鞣
5025,12,鯡
5026,12,鱸
5027,12,鷺
5028,12,麒
5029,12,齷
5030,12,龕
5031,11,仃
5032,11,佝
5033,11,叵
5034,11,啜
5035,11,啻
5036,11,嗌
5037,11,嚏
5038,11,嚓
5039,11,嚆
5040,11,囝
5041,11,垽
5042,11,妍
5043,11,孛
5044,11,孿
5045,11,宓
5046,11,宕
5047,11,寮
5048,11,嶮
5049,11,忒
5050,11,怵
5051,11,惻
5052,11,惲
5053,11,慄
5054,11,揳
5055,11,擢
5056,11,旌
5057,11,旎
5058,11,暄
5059,11,梜
5060,11,槁
5061,11,橛
5062,11,櫧
5063,11,沚
5064,11,牚
5065,11,狎
5066,11,玦
5067,11,琬
5068,11,畚
5069,11,痘
5070,11,瞼
5071,11,砣
5072,11,硜
5073,11,竽
5074,11,筲
5075,11,箴
5076,11,篱
5077,11,籟
5078,11,紓
5079,11,縝
5080,11,羰
5081,11,耩
5082,11,芮
5083,11,荏
5084,11,茳
5085,11,葺
5086,11,蒞
5087,11,蕈
5088,11,蜎
5089,11,蜻
5090,11,蝤
5091,11,蝮
5092,11,蟀
5093,11,褓
5094,11,諳
5095,11,謔
5096,11,豇
5097,11,貳
5098,11,跚
5099,11,踮
5100,11,躕
5101,11,邇
5102,11,鄣
5103,11,鋦
5104,11,閾
5105,11,顴
5106,11,颼
5107,11,髀
5108,11,髻
5109,11,鬈
5110,11,鮫
5111,11,鯛
5112,11,鰷
5113,11,麝
5114,11,黿
5115,11,鼐
5116,11,鼷
5117,11,齲
5118,10,丌
5119,10,乂
5120,10,仄
5121,10,仨
5122,10,佶
5123,10,俎
5124,10,倣
5125,10,剮
5126,10,哅
5127,10,唰
5128,10,嚚
5129,10,塥
5130,10,姒
5131,10,姦
5132,10,嬪
5133,10,孀
5134,10,嶽
5135,10,徠
5136,10,戾
5137,10,掎
5138,10,摜
5139,10,攛
5140,10,椏
5141,10,樾
5142,10,檁
5143,10,歟
5144,10,氄
5145,10,涔
5146,10,浣
5147,10,溦
5148,10,潯
5149,10,濡
5150,10,瀍
5151,10,煇
5152,10,煲
5153,10,牠
5154,10,牯
5155,10,犖
5156,10,瑭
5157,10,痂
5158,10,痣
5159,10,盹
5160,10,硎
5161,10,磎
5162,10,磬
5163,10,穨
5164,10,笭
5165,10,笸
5166,10,筧
5167,10,筱
5168,10,緶
5169,10,耬
5170,10,胤
5171,10,舫
5172,10,蔾
5173,10,薰
5174,10,蛐
5175,10,蟠
5176,10,袼
5177,10,觺
5178,10,詡
5179,10,諍
5180,10,蹊
5181,10,蹣
5182,10,躋
5183,10,逖
5184,10,錒
5185,10,鑱
5186,10,霨
5187,10,颶
5188,10,颸
5189,10,馗
5190,10,鮆
5191,10,鯀
5192,10,鰹
5193,10,鱔
5194,10,鷦
5195,10,齮
5196,9,佤
5197,9,佻
5198,9,倢
5199,9,偈
5200,9,僭
5201,9,剕
5202,9,呎
5203,9,咻
5204,9,咭
5205,9,嗥
5206,9,嗊
5207,9,嗄
5208,9,嚲
5209,9,垌
5210,9,壅
5211,9,壚
5212,9,妯
5213,9,宬
5214,9,崍
5215,9,崦
5216,9,庠
5217,9,廛
5218,9,廩
5219,9,忣
5220,9,惇
5221,9,愊
5222,9,戛
5223,9,搽
5224,9,擘
5225,9,擯
5226,9,曖
5227,9,杓
5228,9,柩
5229,9,柚
5230,9,柘
5231,9,楮
5232,9,楂
5233,9,槤
5234,9,橐
5235,9,淼
5236,9,溽
5237,9,漯
5238,9,漭
5239,9,潏
5240,9,濜
5241,9,烝
5242,9,爿
5243,9,玀
5244,9,皈
5245,9,眄
5246,9,磯
5247,9,礄
5248,9,稔
5249,9,糴
5250,9,緡
5251,9,縉
5252,9,縚
5253,9,耔
5254,9,胔
5255,9,苫
5256,9,菂
5257,9,薈
5258,9,藎
5259,9,蛄
5260,9,蛔
5261,9,螻
5262,9,蟄
5263,9,袤
5264,9,訃
5265,9,豕
5266,9,貤
5267,9,賁
5268,9,輓
5269,9,轇
5270,9,遛
5271,9,遴
5272,9,鄖
5273,9,鈸
5274,9,鉉
5275,9,銃
5276,9,鑭
5277,9,閶
5278,9,闇
5279,9,頡
5280,9,頦
5281,9,駟
5282,9,驪
5283,9,骫
5284,9,髧
5285,9,髭
5286,9,鮭
5287,9,鮞
5288,9,鰩
5289,9,鱷
5290,9,鳶
5291,9,麾
5292,8,丕
5293,8,偌
5294,8,啕
5295,8,啐
5296,8,喁
5297,8,嘵
5298,8,囿
5299,8,圉
5300,8,埭
5301,8,墁
5302,8,婀
5303,8,嶂
5304,8,帑
5305,8,帩
5306,8,幡
5307,8,忑
5308,8,怛
5309,8,慍
5310,8,愾
5311,8,懵
5312,8,搆
5313,8,撳
5314,8,斠
5315,8,柃
5316,8,栲
5317,8,栒
5318,8,梮
5319,8,楸
5320,8,涿
5321,8,湟
5322,8,滂
5323,8,潸
5324,8,灄
5325,8,炆
5326,8,焗
5327,8,珙
5328,8,瑀
5329,8,瓿
5330,8,痔
5331,8,痍
5332,8,睏
5333,8,睢
5334,8,睿
5335,8,瞠
5336,8,碚
5337,8,磔
5338,8,礱
5339,8,竦
5340,8,笊
5341,8,箜
5342,8,篋
5343,8,篘
5344,8,粔
5345,8,紺
5346,8,緇
5347,8,綝
5348,8,縵
5349,8,罈
5350,8,罦
5351,8,羑
5352,8,翮
5353,8,脩
5354,8,舲
5355,8,艚
5356,8,芣
5357,8,芼
5358,8,苡
5359,8,莓
5360,8,堇
5361,8,葑
5362,8,蓽
5363,8,藪
5364,8,蘢
5365,8,藿
5366,8,蜉
5367,8,蟓
5368,8,蟾
5369,8,蟶
5370,8,蠲
5371,8,裲
5372,8,訌
5373,8,訏
5374,8,蹴
5375,8,躉
5376,8,軫
5377,8,逵
5378,8,鄠
5379,8,鈮
5380,8,鏜
5381,8,鏖
5382,8,鐫
5383,8,閆
5384,8,雝
5385,8,霽
5386,8,靚
5387,8,顒
5388,8,鯤
5389,8,鰨
5390,8,鰼
5391,8,鱘
5392,8,鼙
5393,8,齜
5394,7,仳
5395,7,伾
5396,7,俶
5397,7,傒
5398,7,僮
5399,7,儂
5400,7,儴
5401,7,刖
5402,7,剴
5403,7,剽
5404,7,匋
5405,7,卞
5406,7,嗑
5407,7,噀
5408,7,囫
5409,7,垸
5410,7,堠
5411,7,姘
5412,7,姣
5413,7,婭
5414,7,孬
5415,7,孱
5416,7,崴
5417,7,嵋
5418,7,嶸
5419,7,弒
5420,7,忪
5421,7,忐
5422,7,慼
5423,7,抈
5424,7,挶
5425,7,掽
5426,7,掮
5427,7,撏
5428,7,斕
5429,7,旐
5430,7,昳
5431,7,朮
5432,7,柢
5433,7,枵
5434,7,梲
5435,7,楝
5436,7,榫
5437,7,橇
5438,7,檣
5439,7,欷
5440,7,殄
5441,7,殮
5442,7,汊
5443,7,泅
5444,7,洹
5445,7,浡
5446,7,浯
5447,7,淯
5448,7,浞
5449,7,溟
5450,7,潲
5451,7,濮
5452,7,煬
5453,7,犒
5454,7,獍
5455,7,獾
5456,7,玳
5457,7,珌
5458,7,璐
5459,7,町
5460,7,畬
5461,7,疢
5462,7,痧
5463,7,癇
5464,7,皙
5465,7,皭
5466,7,睒
5467,7,睚
5468,7,瞽
5469,7,秈
5470,7,秣
5471,7,穊
5472,7,窈
5473,7,窕
5474,7,籐
5475,7,糲
5476,7,紵
5477,7,綑
5478,7,繾
5479,7,耒
5480,7,脰
5481,7,腒
5482,7,膈
5483,7,臚
5484,7,臾
5485,7,艤
5486,7,荑
5487,7,荇
5488,7,菹
5489,7,萏
5490,7,葚
5491,7,蓓
5492,7,蔻
5493,7,薏
5494,7,蚱
5495,7,蜃
5496,7,蝌
5497,7,蝜
5498,7,螫
5499,7,蟥
5500,7,裼
5501,7,覿
5502,7,誆
5503,7,誑
5504,7,諂
5505,7,讕
5506,7,讞
5507,7,豳
5508,7,豸
5509,7,趵
5510,7,跎
5511,7,跛
5512,7,踫
5513,7,踟
5514,7,軔
5515,7,軑
5516,7,輦
5517,7,轗
5518,7,逅
5519,7,郯
5520,7,鄘
5521,7,銪
5522,7,閬
5523,7,靰
5524,7,顓
5525,7,餳
5526,7,駘
5527,7,騤
5528,7,驍
5529,7,髏
5530,7,髑
5531,7,鮐
5532,7,鱺
5533,7,黠
5534,7,鼫
5535,7,龠
5536,6,仉
5537,6,佉
5538,6,佟
5539,6,侂
5540,6,倀
5541,6,僉
5542,6,僖
5543,6,儈
5544,6,儋
5545,6,刎
5546,6,勍
5547,6,厝
5548,6,叻
5549,6,啵
5550,6,嗉
5551,6,噲
5552,6,嚅
5553,6,嚳
5554,6,囁
5555,6,囹
5556,6,垞
5557,6,堞
5558,6,塋
5559,6,墬
5560,6,媵
5561,6,嫠
5562,6,孳
5563,6,宥
5564,6,尕
5565,6,峋
5566,6,崢
5567,6,嶓
5568,6,幃
5569,6,忤
5570,6,恂
5571,6,慇
5572,6,懍
5573,6,戇
5574,6,戕
5575,6,抃
5576,6,挂
5577,6,捽
5578,6,摠
5579,6,斿
5580,6,旮
5581,6,暌
5582,6,暠
5583,6,杼
5584,6,杻
5585,6,柺
5586,6,桼
5587,6,椑
5588,6,槃
5589,6,榰
5590,6,榍
5591,6,榿
5592,6,榥
5593,6,橦
5594,6,檉
5595,6,櫂
5596,6,欞
5597,6,氂
5598,6,氅
5599,6,氆
5600,6,汙
5601,6,泃
5602,6,洺
5603,6,涊
5604,6,淝
5605,6,淴
5606,6,湎
5607,6,渢
5608,6,濉
5609,6,瀨
5610,6,烜
5611,6,牖
5612,6,牴
5613,6,狙
5614,6,狷
5615,6,獺
5616,6,玠
5617,6,珣
5618,6,琯
5619,6,琨
5620,6,琖
5621,6,璣
5622,6,璪
5623,6,疋
5624,6,疌
5625,6,疝
5626,6,痳
5627,6,瘌
5628,6,瘸
5629,6,癰
5630,6,瞵
5631,6,矬
5632,6,稃
5633,6,稙
5634,6,笢
5635,6,箬
5636,6,簋
5637,6,篳
5638,6,糨
5639,6,紇
5640,6,絖
5641,6,綰
5642,6,綪
5643,6,緗
5644,6,纈
5645,6,罄
5646,6,翕
5647,6,耖
5648,6,肓
5649,6,腓
5650,6,臏
5651,6,苒
5652,6,莒
5653,6,莨
5654,6,莪
5655,6,菰
5656,6,蕻
5657,6,虢
5658,6,蚍
5659,6,蛉
5660,6,蛺
5661,6,袂
5662,6,袗
5663,6,袈
5664,6,裟
5665,6,覂
5666,6,覦
5667,6,訐
5668,6,謖
5669,6,讖
5670,6,趲
5671,6,跖
5672,6,踅
5673,6,蹁
5674,6,蹓
5675,6,蹢
5676,6,蹼
5677,6,遑
5678,6,邈
5679,6,邕
5680,6,釃
5681,6,釅
5682,6,銍
5683,6,銦
5684,6,錞
5685,6,鎰
5686,6,鎦
5687,6,鏌
5688,6,鐓
5689,6,鐙
5690,6,陔
5691,6,雒
5692,6,靽
5693,6,韍
5694,6,顳
5695,6,餈
5696,6,餕
5697,6,餬
5698,6,騏
5699,6,骷
5700,6,鬲
5701,6,魆
5702,6,鯧
5703,6,鰍
5704,6,鰶
5705,5,佞
5706,5,傴
5707,5,儵
5708,5,勣
5709,5,厂
5710,5,唏
5711,5,喤
5712,5,嗲
5713,5,囀
5714,5,囈
5715,5,囉
5716,5,埴
5717,5,埡
5718,5,埼
5719,5,堝
5720,5,堙
5721,5,塒
5722,5,墈
5723,5,壙
5724,5,姞
5725,5,嬈
5726,5,宧
5727,5,岫
5728,5,帙
5729,5,幄
5730,5,庖
5731,5,彘
5732,5,徉
5733,5,怊
5734,5,悌
5735,5,悽
5736,5,愆
5737,5,慵
5738,5,戽
5739,5,扑
5740,5,摁
5741,5,摺
5742,5,摽
5743,5,擷
5744,5,擼
5745,5,攖
5746,5,敓
5747,5,桴
5748,5,梏
5749,5,梖
5750,5,棪
5751,5,椐
5752,5,椹
5753,5,欒
5754,5,歎
5755,5,殞
5756,5,沆
5757,5,沔
5758,5,泔
5759,5,洳
5760,5,洚
5761,5,洇
5762,5,溈
5763,5,澉
5764,5,澴
5765,5,瀦
5766,5,瀲
5767,5,灊
5768,5,炱
5769,5,焜
5770,5,燏
5771,5,犰
5772,5,獬
5773,5,珞
5774,5,璟
5775,5,璦
5776,5,璵
5777,5,瓖
5778,5,甪
5779,5,畎
5780,5,瘊
5781,5,盍
5782,5,矓
5783,5,硤
5784,5,礧
5785,5,窳
5786,5,笱
5787,5,篁
5788,5,糅
5789,5,糗
5790,5,縑
5791,5,縻
5792,5,羯
5793,5,羸
5794,5,腧
5795,5,臑
5796,5,舋
5797,5,舢
5798,5,舡
5799,5,舸
5800,5,艴
5801,5,苣
5802,5,茱
5803,5,茞
5804,5,莙
5805,5,菟
5806,5,葩
5807,5,蓴
5808,5,蕺
5809,5,蘘
5810,5,蘼
5811,5,蝻
5812,5,褊
5813,5,褫
5814,5,褡
5815,5,襆
5816,5,覡
5817,5,訖
5818,5,詮
5819,5,詬
5820,5,謄
5821,5,譆
5822,5,豚
5823,5,賚
5824,5,赧
5825,5,趔
5826,5,跕
5827,5,蹍
5828,5,蹇
5829,5,躚
5830,5,躥
5831,5,迺
5832,5,邂
5833,5,郃
5834,5,郕
5835,5,郜
5836,5,酃
5837,5,醢
5838,5,釤
5839,5,鈑
5840,5,鈧
5841,5,錸
5842,5,錁
5843,5,鍇
5844,5,鐒
5845,5,闈
5846,5,闒
5847,5,阽
5848,5,陘
5849,5,隗
5850,5,靺
5851,5,鞦
5852,5,韙
5853,5,餿
5854,5,騖
5855,5,驊
5856,5,髳
5857,5,魨
5858,5,鵜
5859,5,鶚
5860,5,鶩
5861,5,麇
5862,5,齟
5863,4,伉
5864,4,佰
5865,4,倥
5866,4,偊
5867,4,儽
5868,4,兕
5869,4,哂
5870,4,啈
5871,4,嗝
5872,4,噱
5873,4,噭
5874,4,圮
5875,4,埒
5876,4,夼
5877,4,妗
5878,4,婊
5879,4,嫿
5880,4,嬖
5881,4,屌
5882,4,崙
5883,4,崞
5884,4,崮
5885,4,嶢
5886,4,嶧
5887,4,幗
5888,4,廎
5889,4,忝
5890,4,惓
5891,4,愎
5892,4,憒
5893,4,掫
5894,4,搠
5895,4,摭
5896,4,摶
5897,4,摞
5898,4,擤
5899,4,斮
5900,4,旒
5901,4,昕
5902,4,昉
5903,4,昱
5904,4,昫
5905,4,晻
5906,4,暘
5907,4,曏
5908,4,杙
5909,4,枻
5910,4,柷
5911,4,梃
5912,4,梐
5913,4,桷
5914,4,棽
5915,4,棼
5916,4,楯
5917,4,榧
5918,4,櫪
5919,4,櫨
5920,4,殍
5921,4,汜
5922,4,汧
5923,4,泖
5924,4,洧
5925,4,洫
5926,4,洙
5927,4,洑
5928,4,淥
5929,4,湔
5930,4,澍
5931,4,澌
5932,4,澽
5933,4,灞
5934,4,炷
5935,4,煢
5936,4,燹
5937,4,犋
5938,4,狴
5939,4,猁
5940,4,珅
5941,4,琺
5942,4,琭
5943,4,璅
5944,4,璠
5945,4,璡
5946,4,璫
5947,4,畀
5948,4,甾
5949,4,疹
5950,4,痦
5951,4,瘐
5952,4,瘰
5953,4,癃
5954,4,癘
5955,4,睞
5956,4,砭
5957,4,砮
5958,4,碓
5959,4,碇
5960,4,磑
5961,4,祓
5962,4,穠
5963,4,穭
5964,4,窸
5965,4,笤
5966,4,笪
5967,4,籧
5968,4,糈
5969,4,絅
5970,4,綃
5971,4,縋
5972,4,繢
5973,4,纆
5974,4,罟
5975,4,羋
5976,4,羝
5977,4,耨
5978,4,耰
5979,4,聃
5980,4,聒
5981,4,艅
5982,4,茈
5983,4,莘
5984,4,荽
5985,4,萇
5986,4,菉
5987,4,葸
5988,4,萩
5989,4,蓁
5990,4,蓺
5991,4,蕨
5992,4,薙
5993,4,薴
5994,4,蘡
5995,4,虻
5996,4,蚶
5997,4,蚰
5998,4,蜆
5999,4,蜢
6000,4,蟑
6001,4,螳
6002,4,蟛
6003,4,衾
6004,4,裯
6005,4,誚
6006,4,諑
6007,4,譎
6008,4,譔
6009,4,讆
6010,4,讋
6011,4,賅
6012,4,蹐
6013,4,躐
6014,4,輞
6015,4,轡
6016,4,迨
6017,4,逡
6018,4,遨
6019,4,邶
6020,4,邰
6021,4,郈
6022,4,郤
6023,4,郪
6024,4,郿
6025,4,鄔
6026,4,鄞
6027,4,鄢
6028,4,釵
6029,4,鈇
6030,4,鉈
6031,4,鋃
6032,4,鋌
6033,4,鎡
6034,4,鏞
6035,4,鐔
6036,4,靨
6037,4,韔
6038,4,顙
6039,4,饜
6040,4,驃
6041,4,魌
6042,4,鮓
6043,4,鰉
6044,4,鱭
6045,4,鴆
6046,4,鶉
6047,4,鵡
6048,4,鷓
6049,4,鷙
6050,4,麋
6051,4,黻
6052,4,鼒
6053,4,齏
6054,3,仟
6055,3,佾
6056,3,侑
6057,3,佽
6058,3,佹
6059,3,佫
6060,3,倨
6061,3,倬
6062,3,傕
6063,3,傯
6064,3,僳
6065,3,儕
6066,3,儓
6067,3,儻
6068,3,刓
6069,3,刳
6070,3,勖
6071,3,勩
6072,3,勱
6073,3,勼
6074,3,叟
6075,3,咑
6076,3,呣
6077,3,咩
6078,3,咼
6079,3,哞
6080,3,唚
6081,3,啶
6082,3,喵
6083,3,嗈
6084,3,嘏
6085,3,噌
6086,3,嚄
6087,3,囅
6088,3,囟
6089,3,坌
6090,3,坫
6091,3,垓
6092,3,堀
6093,3,堶
6094,3,妁
6095,3,妲
6096,3,嫪
6097,3,嬗
6098,3,岵
6099,3,崚
6100,3,嵯
6101,3,嶗
6102,3,廡
6103,3,彀
6104,3,徜
6105,3,怩
6106,3,恁
6107,3,悛
6108,3,悾
6109,3,悱
6110,3,愔
6111,3,慳
6112,3,慪
6113,3,拶
6114,3,掊
6115,3,捭
6116,3,搒
6117,3,搌
6118,3,搴
6119,3,攲
6120,3,旃
6121,3,旰
6122,3,晷
6123,3,曀
6124,3,曌
6125,3,朊
6126,3,朐
6127,3,杕
6128,3,棖
6129,3,楬
6130,3,槎
6131,3,樗
6132,3,橈
6133,3,檇
6134,3,櫼
6135,3,櫸
6136,3,歿
6137,3,毌
6138,3,毐
6139,3,氍
6140,3,洌
6141,3,涘
6142,3,淦
6143,3,淠
6144,3,滏
6145,3,滹
6146,3,潟
6147,3,澒
6148,3,潕
6149,3,澥
6150,3,濼
6151,3,瀣
6152,3,烊
6153,3,熥
6154,3,熳
6155,3,燔
6156,3,爨
6157,3,牝
6158,3,牾
6159,3,猓
6160,3,獐
6161,3,獠
6162,3,獪
6163,3,玎
6164,3,珽
6165,3,琮
6166,3,璁
6167,3,璈
6168,3,璩
6169,3,瓅
6170,3,畛
6171,3,畹
6172,3,疰
6173,3,瘺
6174,3,癤
6175,3,皰
6176,3,盦
6177,3,矍
6178,3,矰
6179,3,硠
6180,3,磣
6181,3,祔
6182,3,禡
6183,3,竑
6184,3,篥
6185,3,簉
6186,3,籜
6187,3,粞
6188,3,紟
6189,3,紲
6190,3,紱
6191,3,紬
6192,3,紩
6193,3,綞
6194,3,繙
6195,3,罌
6196,3,羼
6197,3,翳
6198,3,耵
6199,3,聵
6200,3,胂
6201,3,胼
6202,3,膦
6203,3,舛
6204,3,艋
6205,3,艿
6206,3,茖
6207,3,荻
6208,3,菼
6209,3,菑
6210,3,蓊
6211,3,蔞
6212,3,蕹
6213,3,虯
6214,3,蚪
6215,3,蚩
6216,3,蚋
6217,3,蜍
6218,3,蜴
6219,3,蠐
6220,3,蠵
6221,3,褭
6222,3,襞
6223,3,襫
6224,3,觫
6225,3,詈
6226,3,詿
6227,3,諠
6228,3,譙
6229,3,譖
6230,3,譫
6231,3,譾
6232,3,讎
6233,3,貊
6234,3,貔
6235,3,賕
6236,3,贇
6237,3,跣
6238,3,蹀
6239,3,蹕
6240,3,躒
6241,3,輈
6242,3,轔
6243,3,逯
6244,3,遢
6245,3,遹
6246,3,邋
6247,3,邠
6248,3,邴
6249,3,邽
6250,3,醯
6251,3,醽
6252,3,釧
6253,3,釹
6254,3,釽
6255,3,鉭
6256,3,鉏
6257,3,銠
6258,3,鉿
6259,3,錡
6260,3,錙
6261,3,錛
6262,3,鎏
6263,3,鎛
6264,3,鏃
6265,3,鏦
6266,3,鑣
6267,3,閎
6268,3,閿
6269,3,闐
6270,3,闤
6271,3,鞝
6272,3,鞫
6273,3,韉
6274,3,颺
6275,3,饗
6276,3,鬎
6277,3,鬩
6278,3,鬮
6279,3,鬯
6280,3,魎
6281,3,魘
6282,3,鱈
6283,3,鴞
6284,3,鴟
6285,3,鵁
6286,3,鵒
6287,3,鶂
6288,3,鶿
6289,3,黦
6290,3,齦
6291,2,乇
6292,2,乜
6293,2,乩
6294,2,仵
6295,2,倞
6296,2,倷
6297,2,僰
6298,2,儌
6299,2,儺
6300,2,剋
6301,2,劬
6302,2,厴
6303,2,叡
6304,2,呤
6305,2,哏
6306,2,呲
6307,2,唈
6308,2,唳
6309,2,喎
6310,2,嘽
6311,2,嘬
6312,2,噦
6313,2,嚜
6314,2,垟
6315,2,垚
6316,2,埆
6317,2,埻
6318,2,埏
6319,2,墉
6320,2,墘
6321,2,墀
6322,2,墦
6323,2,奩
6324,2,妣
6325,2,妺
6326,2,姱
6327,2,娉
6328,2,媯
6329,2,嫖
6330,2,嫘
6331,2,嬃
6332,2,宄
6333,2,寀
6334,2,尻
6335,2,屣
6336,2,崤
6337,2,嵫
6338,2,崳
6339,2,嵽
6340,2,嶠
6341,2,嶷
6342,2,巋
6343,2,庥
6344,2,弶
6345,2,徯
6346,2,忭
6347,2,怙
6348,2,怍
6349,2,悃
6350,2,惎
6351,2,慊
6352,2,憝
6353,2,懌
6354,2,懟
6355,2,捃
6356,2,挲
6357,2,揃
6358,2,搰
6359,2,撉
6360,2,攮
6361,2,斫
6362,2,旄
6363,2,旟
6364,2,晞
6365,2,暵
6366,2,曄
6367,2,曚
6368,2,朏
6369,2,杌
6370,2,柝
6371,2,桄
6372,2,楛
6373,2,榾
6374,2,樛
6375,2,櫜
6376,2,櫬
6377,2,歃
6378,2,殤
6379,2,殣
6380,2,殪
6381,2,殽
6382,2,氕
6383,2,氤
6384,2,氾
6385,2,汫
6386,2,泫
6387,2,洨
6388,2,洭
6389,2,洿
6390,2,泚
6391,2,涑
6392,2,湴
6393,2,湞
6394,2,湨
6395,2,溲
6396,2,溱
6397,2,滃
6398,2,滻
6399,2,滫
6400,2,澠
6401,2,澫
6402,2,濠
6403,2,濞
6404,2,瀅
6405,2,瀧
6406,2,瀼
6407,2,瀵
6408,2,焌
6409,2,熜
6410,2,燊
6411,2,燠
6412,2,爇
6413,2,爻
6414,2,牁
6415,2,牂
6416,2,狃
6417,2,狨
6418,2,狺
6419,2,獮
6420,2,獼
6421,2,玕
6422,2,珈
6423,2,珪
6424,2,琇
6425,2,琀
6426,2,瑗
6427,2,瓠
6428,2,瓻
6429,2,瘈
6430,2,瘭
6431,2,皞
6432,2,眇
6433,2,眥
6434,2,睇
6435,2,矞
6436,2,矧
6437,2,砦
6438,2,碭
6439,2,礞
6440,2,祧
6441,2,禊
6442,2,禛
6443,2,穰
6444,2,笄
6445,2,筦
6446,2,筴
6447,2,篌
6448,2,籙
6449,2,籹
6450,2,��
6451,2,糒
6452,2,絎
6453,2,縠
6454,2,縲
6455,2,縩
6456,2,繒
6457,2,繻
6458,2,纑
6459,2,纚
6460,2,缶
6461,2,罳
6462,2,罽
6463,2,胠
6464,2,胗
6465,2,腯
6466,2,舨
6467,2,茆
6468,2,苾
6469,2,苴
6470,2,茌
6471,2,菅
6472,2,菔
6473,2,菏
6474,2,菥
6475,2,菘
6476,2,葎
6477,2,蓐
6478,2,蓰
6479,2,蕆
6480,2,蕤
6481,2,蕁
6482,2,藂
6483,2,蛩
6484,2,蝣
6485,2,蝥
6486,2,螗
6487,2,蟊
6488,2,螽
6489,2,衩
6490,2,袺
6491,2,裎
6492,2,褌
6493,2,褳
6494,2,襁
6495,2,襝
6496,2,觚
6497,2,觭
6498,2,觳
6499,2,觿
6500,2,訇
6501,2,訒
6502,2,詘
6503,2,詵
6504,2,諔
6505,2,諶
6506,2,谿
6507,2,賻
6508,2,贔
6509,2,趺
6510,2,跗
6511,2,跬
6512,2,踣
6513,2,蹔
6514,2,躓
6515,2,輅
6516,2,輶
6517,2,迓
6518,2,邐
6519,2,邘
6520,2,邡
6521,2,郋
6522,2,鄹
6523,2,酢
6524,2,醅
6525,2,醑
6526,2,醮
6527,2,醭
6528,2,釕
6529,2,鈚
6530,2,鈿
6531,2,鈰
6532,2,鉺
6533,2,鋈
6534,2,錆
6535,2,錣
6536,2,鍆
6537,2,錤
6538,2,鍤
6539,2,鎲
6540,2,鏑
6541,2,鏇
6542,2,鐨
6543,2,閫
6544,2,闍
6545,2,閽
6546,2,闉
6547,2,阢
6548,2,阬
6549,2,隰
6550,2,霪
6551,2,靉
6552,2,靸
6553,2,鞬
6554,2,顢
6555,2,飧
6556,2,餼
6557,2,饉
6558,2,饈
6559,2,饕
6560,2,駑
6561,2,騄
6562,2,騅
6563,2,騸
6564,2,驁
6565,2,骰
6566,2,鬘
6567,2,鯁
6568,2,鯖
6569,2,鯷
6570,2,鰥
6571,2,鰳
6572,2,鴃
6573,2,鵏
6574,2,鶺
6575,2,鷖
6576,2,鷥
6577,2,鷯
6578,2,黼
6579,2,齔
6580,2,齕
6581,2,齪
6582,1,亍
6583,1,亹
6584,1,仂
6585,1,倓
6586,1,儔
6587,1,儱
6588,1,冇
6589,1,刲
6590,1,劌
6591,1,劙
6592,1,劭
6593,1,匏
6594,1,匜
6595,1,卮
6596,1,卼
6597,1,吰
6598,1,呔
6599,1,唼
6600,1,唪
6601,1,喈
6602,1,嗍
6603,1,嗙
6604,1,嗾
6605,1,嚃
6606,1,圂
6607,1,圇
6608,1,圌
6609,1,圞
6610,1,坁
6611,1,坼
6612,1,垵
6613,1,埕
6614,1,堍
6615,1,堽
6616,1,壈
6617,1,夬
6618,1,奰
6619,1,妘
6620,1,姁
6621,1,姮
6622,1,娀
6623,1,娭
6624,1,婘
6625,1,媟
6626,1,媼
6627,1,嫗
6628,1,嫫
6629,1,嬔
6630,1,嬙
6631,1,孖
6632,1,宭
6633,1,寤
6634,1,尥
6635,1,岈
6636,1,岣
6637,1,岢
6638,1,峇
6639,1,崁
6640,1,崒
6641,1,崟
6642,1,嵲
6643,1,嶍
6644,1,嶒
6645,1,嶨
6646,1,嶴
6647,1,巉
6648,1,巘
6649,1,巿
6650,1,帡
6651,1,幧
6652,1,幪
6653,1,庳
6654,1,廨
6655,1,弇
6656,1,弮
6657,1,弸
6658,1,彧
6659,1,彳
6660,1,徛
6661,1,忮
6662,1,怫
6663,1,恓
6664,1,惝
6665,1,惛
6666,1,愐
6667,1,愍
6668,1,愨
6669,1,慓
6670,1,慝
6671,1,憯
6672,1,懃
6673,1,戌
6674,1,扃
6675,1,扤
6676,1,抔
6677,1,捌
6678,1,挩
6679,1,捩
6680,1,掞
6681,1,揎
6682,1,撝
6683,1,揠
6684,1,揲
6685,1,搋
6686,1,摋
6687,1,擿
6688,1,敉
6689,1,斲
6690,1,旂
6691,1,旯
6692,1,昀
6693,1,昝
6694,1,晡
6695,1,晬
6696,1,暍
6697,1,暐
6698,1,曈
6699,1,暾
6700,1,朘
6701,1,朳
6702,1,枓
6703,1,杪
6704,1,柒
6705,1,柁
6706,1,枲
6707,1,栟
6708,1,栳
6709,1,栝
6710,1,桹
6711,1,棶
6712,1,椋
6713,1,椸
6714,1,棰
6715,1,槨
6716,1,槿
6717,1,樘
6718,1,櫫
6719,1,欑
6720,1,欬
6721,1,欸
6722,1,欿
6723,1,歈
6724,1,殛
6725,1,殠
6726,1,毹
6727,1,氌
6728,1,氳
6729,1,氿
6730,1,沬
6731,1,淏
6732,1,湣
6733,1,湲
6734,1,滈
6735,1,溠
6736,1,溷
6737,1,溳
6738,1,漊
6739,1,濆
6740,1,潿
6741,1,澹
6742,1,澶
6743,1,澨
6744,1,濔
6745,1,瀔
6746,1,瀰
6747,1,灺
6748,1,炤
6749,1,炟
6750,1,焐
6751,1,焮
6752,1,熗
6753,1,熯
6754,1,燂
6755,1,爊
6756,1,爝
6757,1,牮
6758,1,犨
6759,1,犴
6760,1,狁
6761,1,狖
6762,1,狾
6763,1,狳
6764,1,猊
6765,1,猰
6766,1,猢
6767,1,猱
6768,1,猺
6769,1,獫
6770,1,獯
6771,1,玥
6772,1,玤
6773,1,珥
6774,1,琫
6775,1,瑁
6776,1,琿
6777,1,瑊
6778,1,瑢
6779,1,瑱
6780,1,瓔
6781,1,瓛
6782,1,瓴
6783,1,甍
6784,1,疐
6785,1,疔
6786,1,疥
6787,1,疳
6788,1,痎
6789,1,痿
6790,1,瘏
6791,1,瘃
6792,1,瘥
6793,1,瘼
6794,1,瘵
6795,1,瘲
6796,1,癜
6797,1,皕
6798,1,皤
6799,1,盉
6800,1,眊
6801,1,眙
6802,1,睆
6803,1,睅
6804,1,睊
6805,1,瞍
6806,1,瞋
6807,1,瞭
6808,1,矱
6809,1,矼
6810,1,硨
6811,1,磽
6812,1,磲
6813,1,礅
6814,1,礵
6815,1,禋
6816,1,禤
6817,1,禰
6818,1,禳
6819,1,穇
6820,1,窊
6821,1,窣
6822,1,窬
6823,1,笏
6824,1,筅
6825,1,筮
6826,1,筥
6827,1,箠
6828,1,篨
6829,1,篔
6830,1,簏
6831,1,簣
6832,1,簠
6833,1,簹
6834,1,糝
6835,1,絁
6836,1,綈
6837,1,綆
6838,1,綯
6839,1,緹
6840,1,緦
6841,1,縟
6842,1,縕
6843,1,縯
6844,1,縶
6845,1,繰
6846,1,繯
6847,1,纛
6848,1,罅
6849,1,罍
6850,1,罡
6851,1,罛
6852,1,罹
6853,1,罻
6854,1,罾
6855,1,羆
6856,1,翃
6857,1,翛
6858,1,翥
6859,1,耋
6860,1,耜
6861,1,聹
6862,1,肫
6863,1,肭
6864,1,胍
6865,1,胴
6866,1,脢
6867,1,腩
6868,1,腡
6869,1,膙
6870,1,臢
6871,1,臬
6872,1,舯
6873,1,舳
6874,1,艎
6875,1,艟
6876,1,艫
6877,1,艮
6878,1,艽
6879,1,芎
6880,1,芑
6881,1,芟
6882,1,芰
6883,1,芾
6884,1,芨
6885,1,芩
6886,1,茀
6887,1,苻
6888,1,苤
6889,1,莩
6890,1,菸
6891,1,萸
6892,1,萑
6893,1,菾
6894,1,葖
6895,1,葶
6896,1,蒎
6897,1,蒟
6898,1,蒯
6899,1,蔦
6900,1,蓛
6901,1,蕖
6902,1,蕢
6903,1,薜
6904,1,薀
6905,1,薤
6906,1,薆
6907,1,薁
6908,1,薷
6909,1,藚
6910,1,藶
6911,1,虓
6912,1,虺
6913,1,蚺
6914,1,蛘
6915,1,蛑
6916,1,蜊
6917,1,蛸
6918,1,蜩
6919,1,蜞
6920,1,蜾
6921,1,蝂
6922,1,螈
6923,1,螬
6924,1,螵
6925,1,螮
6926,1,蟯
6927,1,蟢
6928,1,蠃
6929,1,蠆
6930,1,蠑
6931,1,蠖
6932,1,衄
6933,1,衎
6934,1,衿
6935,1,袢
6936,1,裒
6937,1,褟
6938,1,襜
6939,1,襦
6940,1,襭
6941,1,襮
6942,1,襴
6943,1,襻
6944,1,覘
6945,1,覯
6946,1,觶
6947,1,詖
6948,1,誄
6949,1,諏
6950,1,諞
6951,1,謦
6952,1,譸
6953,1,讙
6954,1,豝
6955,1,貐
6956,1,貘
6957,1,貺
6958,1,賨
6959,1,賧
6960,1,贉
6961,1,赬
6962,1,跆
6963,1,跏
6964,1,踖
6965,1,踧
6966,1,蹡
6967,1,蹯
6968,1,躂
6969,1,躞
6970,1,軺
6971,1,輬
6972,1,輳
6973,1,轀
6974,1,邙
6975,1,邗
6976,1,邾
6977,1,郗
6978,1,鄗
6979,1,鄶
6980,1,酇
6981,1,酡
6982,1,酤
6983,1,醁
6984,1,醐
6985,1,醍
6986,1,醰
6987,1,銛
6988,1,銎
6989,1,鋨
6990,1,鋆
6991,1,錟
6992,1,鋋
6993,1,鎯
6994,1,鍰
6995,1,鍠
6996,1,鏨
6997,1,鏐
6998,1,鏷
6999,1,閌
7000,1,閼
7001,1,闃
7002,1,闠
7003,1,阼
7004,1,陴
7005,1,隉
7006,1,隳
7007,1,隼
7008,1,霢
7009,1,靆
7010,1,靿
7011,1,鞡
7012,1,鞨
7013,1,韆
7014,1,頇
7015,1,頫
7016,1,顑
7017,1,顥
7018,1,顰
7019,1,颭
7020,1,飥
7021,1,餖
7022,1,餭
7023,1,餱
7024,1,餮
7025,1,饐
7026,1,駰
7027,1,騂
7028,1,騧
7029,1,騭
7030,1,驂
7031,1,髁
7032,1,髣
7033,1,髲
7034,1,髹
7035,1,髽
7036,1,鬁
7037,1,鬌
7038,1,鬒
7039,1,鬟
7040,1,鮪
7041,1,鮸
7042,1,鯢
7043,1,鰈
7044,1,鰒
7045,1,鰤
7046,1,鱟
7047,1,鱠
7048,1,鴒
7049,1,鵂
7050,1,鵃
7051,1,鵓
7052,1,鶄
7053,1,鶒
7054,1,鶘
7055,1,鶗
7056,1,鶼
7057,1,鷁
7058,1,鶱
7059,1,鷸
7060,1,鸂
7061,1,鷿
7062,1,鸏
7063,1,鸛
7064,1,鸝
7065,1,麴
7066,1,黧
7067,1,黹
7068,1,黽
7069,1,鼉
7070,1,鼢
7071,1,齙
7072,1,齬
